paper_id	source	sent_idx	sentence	silver_label	silver_confidence	silver_rationale	gold_label	notes
quant-ph/0402095	gold	0	Can quantum computers solve {{formula:2de743ab-f30f-4f20-85d1-cba9cc2299f0}} -complete problems in polynomial time?	open_problem	0.95	The sentence poses a question about the capability of quantum computers, indicating an unresolved issue in the field.		
quant-ph/0402095	gold	1	In the early days of quantum computing, Bennett et al. {{cite:5a0a45badcd919053d8a7a3922bd95e2fdb29e2d}} gave an oracle relative to which {{formula:a65f7339-f8b9-49d2-b9ed-ff373112a988}} , providing what is still the best evidence we have that the answer is no.	none	0.9	This sentence provides historical context and evidence from prior work, not a limitation or future work.		
quant-ph/0402095	gold	2	It is easy to extend Bennett et al.'s result to give an oracle relative to which {{formula:7de710c4-f088-4bbe-94bc-3393b935d9d6}} ; that is, {{formula:0feaf9aa-32ae-404f-8389-b73f910adf64}} is hard even for nonuniform quantum algorithms.	none	0.9	This sentence describes an extension of a previous result, not a limitation or future work.		
quant-ph/0402095	gold	3	But when we try to show {{formula:9e42b679-736c-4860-8a4a-a21221c28022}} relative to an oracle, a new difficulty arises: even if the oracle encodes {{formula:408e632b-a4bb-4177-9eb9-213f2f60a6c8}} exponentially hard search problems for each input length {{formula:e96c9337-84d0-448b-9d47-366ce5b41a60}} , the quantum advice, being an “exponentially large object” itself, might somehow encode information about all {{formula:5d9acaa0-a933-44cf-8bd8-aab0b7b2cc3d}} problems.	limitation	0.95	The sentence describes a difficulty encountered when trying to show a result, indicating a limitation in the current approach.		
quant-ph/0402095	gold	4	We need to argue that even if so, only a miniscule fraction of that information can be extracted by measuring the advice.	none	0.85	This sentence states a need to argue a point but does not explicitly state a limitation or future work.		
quant-ph/0402095	gold	5	How does one prove such a statement?	open_problem	0.9	The sentence poses a question about proving a statement, indicating an unresolved issue.		
quant-ph/0402095	gold	6	As it turns out, the task can be reduced to proving a direct product theorem for quantum search.	none	0.85	This sentence describes a reduction of a task to another problem, not a limitation or future work.		
quant-ph/0402095	gold	7	This is a theorem that in its weakest form says the following: given {{formula:c37bfeab-2a71-42c3-8f97-cc4f823b890b}} items, {{formula:1467963e-0e68-4009-b1c0-9f0441ba0340}} of which are marked, if we lack enough time to find even one marked item, then the probability of finding all {{formula:c2998e87-2e90-451c-9291-f66c990a603e}} items decreases exponentially in {{formula:4c8dea66-959c-423d-a6cf-3c7cec8bd41a}} .	none	0.85	This sentence explains a theorem in detail, which is descriptive rather than a limitation or future work.		
quant-ph/0402095	gold	8	For intuitively, suppose there were a quantum advice state that let us efficiently find any one of {{formula:7fa376b9-b0b3-4d65-853a-15c8751f69ed}} marked items.	none	0.85	This sentence provides a hypothetical scenario to illustrate a point, not a limitation or future work.		
quant-ph/0402095	gold	9	Then by “guessing” the advice (i.e. replacing it by a maximally mixed state), and then using the guessed advice multiple times, we could efficiently find all {{formula:df1649a1-4fe3-4589-8cd9-10d26f7ff23f}} of the items with a success probability that our direct product theorem shows is impossible.	none	0.85	This sentence continues the hypothetical scenario, explaining the implications of the direct product theorem.		
quant-ph/0402095	gold	10	This reduction is formalized in Theorem REF .	none	0.85	This sentence refers to a formalization of a reduction, which is descriptive.		
quant-ph/0402095	gold	11	But what about the direct product theorem itself?	none	0.85	This sentence raises a question about a theorem but does not state a limitation or future work.		
quant-ph/0402095	gold	12	It seems like it should be trivial to prove—for surely there are no devious correlations by which success in finding one marked item leads to success in finding all the others!	none	0.85	This sentence expresses surprise about the difficulty of proving a theorem, which is more of an observation than a limitation or future work.		
quant-ph/0402095	gold	13	So it is surprising that even a weak direct product theorem eluded proof for years.	none	0.85	This sentence describes an attempted proof by another researcher, which is historical context.		
quant-ph/0402095	gold	14	In 2001, Klauck {{cite:888d098e5e870361a39ad04d41f5d2d0cf41c5d0}} gave an attempted proof using the hybrid method of Bennett et al. {{cite:5a0a45badcd919053d8a7a3922bd95e2fdb29e2d}}.	none	0.85	This sentence explains the motivation behind a previous proof attempt, which is context.		
quant-ph/0402095	gold	15	His motivation was to show a limitation of space-bounded quantum sorting algorithms.	limitation	0.95	The sentence states that a previous proof is fallacious, indicating a limitation in the prior work.		
quant-ph/0402095	gold	16	Unfortunately, Klauck's proof is fallacious.Specifically, the last sentence in the proof of Lemma 5 in {{cite:888d098e5e870361a39ad04d41f5d2d0cf41c5d0}} (“Clearly this probability is at least {{formula:ec55e323-51e0-41ba-a80f-92031d5f9f3c}} ”) is not justified by what precedes it.	none	0.85	This sentence describes the content of a section in the paper, which is descriptive.		
quant-ph/0402095	gold	17	In this section we give the first correct proof of a direct product theorem, based on the polynomial method of Beals et al. {{cite:2ff31b7d2c85795fb7aa3a59f30e11016425df62}}.	none	0.85	This sentence describes the results and applications of the current work, not a limitation or future work.		
quant-ph/0402095	gold	18	Besides showing that {{formula:5917a3d5-d354-45bc-955c-79829cc2f6d3}} relative to an oracle, our result can be used to recover the conclusions in {{cite:888d098e5e870361a39ad04d41f5d2d0cf41c5d0}} about the hardness of quantum sorting (see Klauck, Špalek, and de Wolf {{cite:06463ca2447dbe41a8c68e403f92ac00ac00372c}} for details).	none	0.85	This sentence expresses an expectation about the applicability of results, which is speculative but not a concrete future work statement.		
quant-ph/0402095	gold	19	We expect the result to have other applications as well.	none	0.85	This sentence introduces a lemma needed for the proof, which is methodological context.		
quant-ph/0402095	gold	20	We will need the following lemma of Beals et al. {{cite:2ff31b7d2c85795fb7aa3a59f30e11016425df62}}, which builds on ideas due to Minsky and Papert {{cite:e80b0fcf434d4fc9e8b162616c52f3ba69e7c91f}} and Nisan and Szegedy {{cite:725054b550aab0096c88e39fa7821f9b35461194}}.	none	0.85	This sentence states a lemma, which is part of the methodological context.		
quant-ph/0402095	gold	21	Lemma 8 (Beals et al.) Suppose a quantum algorithm makes {{formula:90e0d646-aaf3-4b41-b65d-9c9e9875025c}} queries to an oracle string {{formula:2763609d-a0f6-4634-a80c-2fa64afd5b40}} , and accepts with probability {{formula:16380923-b392-44cb-aab1-fd8359853e86}} .	none	0.85	This sentence describes the implications of a lemma, which is methodological context.		
quant-ph/0402095	gold	22	Then there exists a real polynomial {{formula:ea92505b-8f2c-4222-8520-d5138c458fa7}} , of degree at most {{formula:5060dc8c-7614-42a9-ba39-aa0797a15f0e}} , such that {{formula:e3398475-1404-4ff1-8301-b957b3fffae2}} for all integers {{formula:28fbb9ed-8a84-4207-9eeb-b0337e2dab33}} , where {{formula:a370d7fa-490f-4bb6-a153-e0aa227603b1}} denotes the Hamming weight of {{formula:50192fc8-3583-497a-a228-b94c15c89b18}} .	none	0.85	This sentence provides an example of applying a lemma, which is descriptive.		
quant-ph/0402095	gold	23	Lemma REF implies that, to lower-bound the number of queries {{formula:90cde610-dd9c-4e6b-83b2-b79733122b21}} made by a quantum algorithm, it suffices to lower-bound {{formula:f8a32482-dc1f-444b-8a8e-9974239d92c4}} , where {{formula:4462e10b-fe2f-4b96-a02c-17f3b1fd35f8}} is a real polynomial representing the algorithm's expected acceptance probability.	none	0.85	This sentence describes a method for lower-bounding a polynomial degree, which is methodological context.		
quant-ph/0402095	gold	24	As an example, any quantum algorithm that computes the {{formula:c25b947d-e50d-4dad-8fe7-40050edf8b88}} function on {{formula:9ef90991-dd30-4f65-9366-9816cb7232a9}} bits, with success probability at least {{formula:a6941751-8c9d-4af1-b6a8-f98fadd0c1a0}} , yields a polynomial {{formula:409ff78b-e68a-44c8-9a66-033d24602a5f}} such that {{formula:2449537b-38c2-4253-8b57-3387606a52fc}} and {{formula:8a9b240f-f502-4d24-9e82-43ea717ca951}} for all integers {{formula:b7f3eb90-14b4-48fd-a1e3-377d039732e7}} .	none	0.85	This sentence introduces a theorem, which is part of the methodological context.		
quant-ph/0402095	gold	25	To lower-bound the degree of such a polynomial, one can use an inequality proved by A.	none	0.85	This sentence states a theorem, which is part of the methodological context.		
quant-ph/0402095	gold	26	Markov in 1890 ({{cite:b7a0d73113cd2a0120e6e70f2c6ea2cce5fdd5a7}}; see also {{cite:2aee7715d677ba1aa57f4a27c86619d3b4da385d}}): Theorem 9 (A.	none	0.85	This sentence describes the application of a theorem, which is methodological context.		
quant-ph/0402095	gold	27	Markov) Given a real polynomial {{formula:f96e60c1-0f87-41c0-a28a-576acfe3772f}} and constant {{formula:7ec66d28-a51d-4d28-bbec-0800070e958e}} , let {{formula:f4e14ba8-c06f-4c4f-ada2-5ce604ed8f28}} and {{formula:f5a9f944-162b-4337-95b1-acb0d5bf9bf9}} .	none	0.85	This sentence describes the implications of a theorem, which is methodological context.		
quant-ph/0402095	gold	28	Then {{formula:4a314e50-4820-480b-bf43-ca15ae93a803}} Theorem REF deals with the entire range {{formula:c22a6371-2f19-4ba4-96ff-a56d41a49bd7}} , whereas in our setting {{formula:0eea01d1-ae7e-4c2b-9321-badac7d072c8}} is constrained only at the integer points {{formula:b65a33ee-0829-4b8c-b3c7-9ad4ac687cb4}} .	none	0.85	This sentence describes a mathematical implication, which is methodological context.		
quant-ph/0402095	gold	29	But as shown in {{cite:3c844c4456b933ddb5093002ffc74eca0f96436d}}, {{cite:725054b550aab0096c88e39fa7821f9b35461194}}, {{cite:bae7bc93aeaa23f3c16a252d850e58f76a54cf9c}}, this is not a problem.	none	0.85	This sentence describes a mathematical implication, which is methodological context.		
quant-ph/0402095	gold	30	For by elementary calculus, {{formula:7df971bf-7352-492b-9990-b55bd5a13bbb}} and {{formula:2a61dd5d-27b3-48d2-bb76-80aa7592ed60}} imply that {{formula:e26885e8-700a-405b-b444-4dbd2b99808d}} for some real {{formula:53ccd7fd-c95f-4fe1-8308-7d79803f77c0}} , and therefore {{formula:ffe3290e-dfd5-4f49-973d-66b5efdeba7b}} .	none	0.85	This sentence describes a mathematical implication, which is methodological context.		
quant-ph/0402095	gold	31	Furthermore, let {{formula:1be5be2e-9d8e-413e-819b-71fb80489552}} be a point in {{formula:41a23b1d-c2ec-4ce0-a21a-97bee6a21c3e}} where {{formula:118fa8cb-cf2a-4579-b5ab-72fc83aec070}} .	none	0.85	This sentence describes a mathematical implication, which is methodological context.		
quant-ph/0402095	gold	32	Then {{formula:60928cf9-7d57-4766-b097-971100297b49}} and {{formula:138a2451-f78b-49e7-8f5e-3415911b592e}} imply that {{formula:f3a5ab2b-62e0-4568-83eb-30cde0e661c5}} .	none	0.85	This sentence describes a mathematical implication, which is methodological context.		
quant-ph/0402095	gold	33	Thus {{formula:3e4e607b-6f16-497b-8440-75f9c8ae127f}} This is the proof of Beals et al. {{cite:2ff31b7d2c85795fb7aa3a59f30e11016425df62}} that quantum search requires {{formula:f8fedb86-cdab-4ba8-a231-73dc178e066d}} queries.	none	0.85	This sentence describes a proof, which is methodological context.		
quant-ph/0402095	gold	34	When proving a direct product theorem, we can no longer apply Theorem REF so straightforwardly.	none	0.85	This sentence describes a limitation in applying a theorem, but it is more of a methodological detail than a limitation of the study.		
quant-ph/0402095	gold	35	The reason is that the success probabilities in question are extremely small, and therefore the maximum derivative {{formula:9ad4f834-495d-420b-95e0-99501ad55bf7}} could also be extremely small.	none	0.85	This sentence describes a methodological challenge, but it is not a limitation of the study itself.		
quant-ph/0402095	gold	36	Fortunately, though, we can still prove a good lower bound on the degree of the relevant polynomial {{formula:360beb14-bb4d-4278-ac30-4e253a275920}} .	none	0.85	This sentence describes a methodological solution, which is not a limitation or future work.		
quant-ph/0402095	gold	37	The key is to look not just at the first derivative of {{formula:a2bccabb-28ec-4dc9-b8fd-bc33e7e941da}} , but at higher derivatives.	none	0.85	This sentence describes a methodological approach, which is not a limitation or future work.		
quant-ph/0402095	gold	38	To start, we need a lemma about the behavior of functions under repeated differentiation.	none	0.85	This sentence introduces a lemma, which is part of the methodological context.		
quant-ph/0402095	gold	39	Lemma 10 Let {{formula:ebba330b-d1e2-4c9d-8bb2-b46720de54c7}} be an infinitely differentiable function such that for some positive integer {{formula:5b2de980-f0c2-4bd9-bbbb-a13cd432ad7b}} , we have {{formula:1dac47b0-548f-440d-8946-5dbbb30fd316}} for all {{formula:33ad3be5-2902-4c88-87e1-6060862046b2}} and {{formula:c8a7ef21-dd02-40d2-b7de-c48874c3b00e}} .	none	0.85	This sentence states a lemma, which is part of the methodological context.		
quant-ph/0402095	gold	40	Also, let {{formula:8089f395-5c1b-4e59-8d9d-fef4d8352c4c}} , where {{formula:df52f919-3b2e-4d5e-9442-2daf95fb30db}} is the {{formula:ab98cbc4-7702-4133-bde8-524caca9d1c3}} derivative of {{formula:af010ae0-3b01-4b26-a7a2-d415d31a549e}} evaluated at {{formula:8f5048fe-7e8e-4b86-8333-e9629f6e2254}} (thus {{formula:1c483f35-0108-429e-9b67-31be29e3b750}} ).	none	0.85	This sentence describes a mathematical implication, which is methodological context.		
quant-ph/0402095	gold	41	Then {{formula:ef2f9a4f-e7a4-4044-805b-aabe7a21bc57}} for all {{formula:001ea30a-bdeb-469e-921f-19f8f9c8d671}} .	none	0.85	This sentence describes a mathematical implication, which is methodological context.		
quant-ph/0402095	gold	42	We claim, by induction on {{formula:6fd826e8-debb-491d-9210-0ca80de0b794}} , that there exist {{formula:8f931d09-dc53-43ac-bf8a-ea734e3b8ae5}} points {{formula:5470cc66-2cce-40af-9b32-daf91677e090}} such that {{formula:54e52f10-893e-46d8-bfe0-c71f86b89c43}} for all {{formula:24dcdda3-456b-437b-9580-a82190ada3e4}} and {{formula:49bdcb3e-3e84-4a49-abf4-e66300049cd9}} .	none	0.85	This sentence describes a mathematical claim, which is methodological context.		
quant-ph/0402095	gold	43	If we define {{formula:5901838c-399f-48c7-be8a-22f8561db5da}} , then the base case {{formula:101ec669-c41c-4976-8888-67576823ab0a}} is immediate from the conditions of the lemma.	none	0.85	This sentence describes a mathematical implication, which is methodological context.		
quant-ph/0402095	gold	44	Suppose the claim is true for {{formula:28e36360-fde3-4a0f-982e-483574491bd1}} ; then by elementary calculus, for all {{formula:5af019c5-5952-4898-b510-323834c95f3e}} there exists a point {{formula:952c89ef-abdd-4812-bb58-54de973c0685}} such that {{formula:e9161053-4d0f-4024-9fbe-bc56fdce0caa}} .	none	0.85	This sentence describes a mathematical implication, which is methodological context.		
quant-ph/0402095	gold	45	Notice that {{formula:b65b0005-04ba-4780-a0b8-90564df153d6}} .	none	0.85	This sentence describes a mathematical implication, which is methodological context.		
quant-ph/0402095	gold	46	So there is also a point {{formula:73e91a58-c6e2-4f1c-92cd-928075a3cff7}} such that {{formula:3cf14e0c-79a9-4858-9ee4-b37b598675f3}} With the help of Lemma REF , we can sometimes lower-bound the degree of a real polynomial even its first derivative is small throughout the region of interest.	none	0.85	This sentence describes a mathematical implication, which is methodological context.		
quant-ph/0402095	gold	47	To do so, we use the following generalization of A.	none	0.85	This sentence introduces a theorem, which is part of the methodological context.		
quant-ph/0402095	gold	48	Markov's inequality (Theorem REF ), which was proved by A.	none	0.85	This sentence introduces a theorem, which is part of the methodological context.		
quant-ph/0402095	gold	49	Markov's younger brother V.	none	0.85	This sentence introduces a theorem, which is part of the methodological context.		
quant-ph/0402095	gold	50	Markov in 1892 ({{cite:265052e286ae71b724e5427abd19e7d989557fc0}}; see also {{cite:2aee7715d677ba1aa57f4a27c86619d3b4da385d}}).	none	0.85	This sentence introduces a theorem, which is part of the methodological context.		
quant-ph/0402095	gold	51	Markov) Given a real polynomial {{formula:1805658e-8ba7-4a1e-a9d1-0ab1c1a0dda6}} of degree {{formula:9070e8e4-f40f-4e4f-9077-ad426efbae40}} and positive real number {{formula:33f40de6-a7f0-437b-a1aa-d6b59f31382b}} , let {{formula:d41a8030-7893-4941-9cc1-39fd85d8de3b}} .	none	0.85	This sentence states a theorem, which is part of the methodological context.		
quant-ph/0402095	gold	52	Then for all {{formula:06545071-1bee-4a5c-90f6-5d5c89e08448}} , {{formula:e3eb8748-6037-4234-8dec-da7b911dc5b2}} Here {{formula:0361585d-2b16-47e1-8513-bb0c0a33ef44}} is the {{formula:3e5cca20-2e27-465f-a61b-b52bcd37e86a}} Chebyshev polynomial of the first kind.	none	0.85	This sentence describes a mathematical implication, which is methodological context.		
quant-ph/0402095	gold	53	As we demonstrate below, combining Theorem REF with Lemma REF yields a lower bound on {{formula:30baff9e-3745-430d-8f0b-449a49460c2e}} .	none	0.85	This sentence describes a mathematical implication, which is methodological context.		
quant-ph/0402095	gold	54	Lemma 12 Let {{formula:b58a9daa-4440-42f0-bb5a-7f75dfbba11a}} be a real polynomial such that {{formula:ae9cbe54-7fba-498f-a671-57513a9ba050}} at all integer points {{formula:01428436-0f11-4523-b828-9aedd4441469}} , and for some positive integer {{formula:9275e5c2-3f02-45d1-a1f7-e48cb7c75ae7}} and real {{formula:3aa77e51-7ee9-4409-a1e2-fd48c8d77f89}} , we have {{formula:bf51f958-2618-43c4-b638-0f5696f2a1c3}} and {{formula:938421f0-9643-4703-9d63-3c79b575b0c4}} for all {{formula:719ebc66-49e0-4783-8adc-fbcc310fca1c}} .	none	0.85	This sentence introduces a lemma, which is part of the methodological context.		
quant-ph/0402095	gold	55	Then {{formula:7b7253d6-8f49-41a4-92bd-168b057882b5}} .	none	0.85	This sentence states a lemma, which is part of the methodological context.		
quant-ph/0402095	gold	56	Let {{formula:735d2037-dffb-4c1e-bbff-1a3c73882bf4}} and {{formula:00f0315f-5d6f-4f58-8a60-b1cf8c91cc50}} be as in Theorem REF .	none	0.85	This sentence describes a mathematical implication, which is methodological context.		
quant-ph/0402095	gold	57	Then for all {{formula:7908452e-d831-4f77-a64f-ab3ddf2c3781}} , Theorem REF yields {{formula:f8eb0180-a6fa-4279-ad06-f7bcc18c43eb}} Rearranging, {{formula:84231cc7-5c5a-4ea4-9b70-60dc46cae941}} for all {{formula:560a04e1-78e2-4634-8d75-e8e2114c7a75}} (if {{formula:d67da51e-07b6-4a90-9722-c0f5a0fc1b43}} then {{formula:fd8bbc77-ddad-4f0a-ad88-99668c1cf5b3}} so the bound is trivial).	none	0.85	This sentence describes a mathematical implication, which is methodological context.		
quant-ph/0402095	gold	58	There are now two cases.	none	0.85	This sentence introduces a case analysis, which is part of the methodological context.		
quant-ph/0402095	gold	59	First suppose {{formula:e7b1df92-5769-4d14-93a1-f118646f4c67}} .	none	0.85	This sentence describes a mathematical implication, which is methodological context.		
quant-ph/0402095	gold	60	Then as discussed previously, condition (i) implies that {{formula:377edda7-ae33-47af-bb38-616a8519519f}} , and hence that {{formula:41e9ce08-a409-4988-a998-28dfb10e2a66}} by Theorem REF .	none	0.85	This sentence describes a mathematical implication, which is methodological context.		
quant-ph/0402095	gold	61	Next suppose {{formula:c2be61b1-c34d-4419-a711-efe5c6e34e1c}} .	none	0.85	This sentence describes a mathematical implication, which is methodological context.		
quant-ph/0402095	gold	62	Then {{formula:bd74feca-deee-48cf-a6cc-08233c3a6c7c}} for all {{formula:b783552a-05b4-4b4d-b5b3-da2f054be90d}} by Lemma REF .	none	0.85	This sentence describes a mathematical implication, which is methodological context.		
quant-ph/0402095	gold	63	So setting {{formula:84536c70-9d0b-45c5-8e38-cd9b177578ab}} yields {{formula:1216aadf-fb57-4d2c-8c0c-520c0fde35e0}} Either way we are done.	none	0.85	This sentence concludes a mathematical argument, which is methodological context.		
quant-ph/0402095	gold	64	Strictly speaking, we do not need the full strength of Theorem REF to prove a lower bound on {{formula:077060f7-891c-45f5-8649-3f01193fa190}} that suffices for an oracle separation between {{formula:e1b14d53-8a6b-406a-93a5-deed06412603}} and {{formula:6a360757-ab9b-485a-8cd2-19669983faf7}} .	none	0.85	This sentence describes a methodological detail, which is not a limitation or future work.		
quant-ph/0402095	gold	65	For we can show a “rough-and-ready” version of V.	none	0.85	This sentence describes a methodological approach, which is not a limitation or future work.		
quant-ph/0402095	gold	66	Markov's inequality by applying A.	none	0.85	This sentence describes a methodological approach, which is not a limitation or future work.		
quant-ph/0402095	gold	67	Markov's inequality (Theorem REF ) repeatedly, to {{formula:8b9c2dcf-d773-47f7-9594-b578a226ec30}} and so on.	none	0.85	This sentence describes a mathematical implication, which is methodological context.		
quant-ph/0402095	gold	68	This yields {{formula:39a75fcf-a757-4635-9090-8858e8b601ca}} for all {{formula:ab5e6844-2332-41be-9b26-84feee2c4346}} .	none	0.85	This sentence describes a mathematical implication, which is methodological context.		
quant-ph/0402095	gold	69	If {{formula:3fa8fca0-3293-4128-a3e5-a54e5d04712b}} is small, then this upper bound on {{formula:9d2b34cb-ad2f-43fd-9bb0-84e5c7d62389}} contradicts the lower bound of Lemma REF .	none	0.85	This sentence describes a methodological implication, which is not a limitation or future work.		
quant-ph/0402095	gold	70	However, the lower bound on {{formula:76e6fa0b-08cd-48d0-940c-60ca8dd009b0}} that one gets from A.	none	0.85	This sentence describes a methodological implication, which is not a limitation or future work.		
quant-ph/0402095	gold	71	Markov's inequality is only {{formula:d8ab2e52-6301-4ec2-a4d2-5a8c21a8cf57}} , as opposed to {{formula:927e7741-0adf-44a5-a138-0aedab2459e9}} from Lemma REF .An earlier version of this paper claimed to prove {{formula:572d4a6f-3559-4ce6-81dd-036b2e50b6aa}} , by applying Bernstein's inequality {{cite:04c66e8bea656d2a387c6a95e59b282bb5de3285}} rather than A.	limitation	0.95	The sentence describes a flaw in a previous argument, indicating a limitation in the prior work.		
quant-ph/0402095	gold	72	Markov's to all derivatives {{formula:2f703474-8750-4fb7-945f-7d7d285c0721}} .	none	0.85	This sentence describes a methodological approach, which is not a limitation or future work.		
quant-ph/0402095	gold	73	We have since discovered a flaw in that argument.	limitation	0.95	The sentence acknowledges a flaw in a previous argument, indicating a limitation in the prior work.		
quant-ph/0402095	gold	74	In any case, the Bernstein lower bound is both unnecessary for an oracle separation, and superseded by the later results of Klauck et al. {{cite:06463ca2447dbe41a8c68e403f92ac00ac00372c}}.	none	0.85	This sentence describes the irrelevance of a previous result, which is not a limitation or future work.		
quant-ph/0402095	gold	75	Shortly after seeing our proof of a weak direct product theorem, Klauck, Špalek, and de Wolf {{cite:06463ca2447dbe41a8c68e403f92ac00ac00372c}} managed to improve the lower bound on {{formula:507b4d7a-7468-40f7-9fec-c76f492c9fe5}} to the essentially tight {{formula:c1a99a0d-6d45-4dab-9acb-0f8a1ca41e36}} .	none	0.85	This sentence describes an improvement by other researchers, which is not a limitation or future work.		
quant-ph/0402095	gold	76	In particular, their bound implies that {{formula:921dd733-b13f-4817-b5b5-83efb38dc80e}} decreases exponentially in {{formula:1cf8a6b1-bd32-4851-a291-c3c043d28cd1}} whenever {{formula:6ae42906-a6af-49f3-9fb9-d95419d7e3e1}} .	none	0.85	This sentence describes the implications of an improvement, which is not a limitation or future work.		
quant-ph/0402095	gold	77	They obtained this improvement by factoring {{formula:035e6f49-0f7e-4219-a898-aad851e80c3a}} instead of differentiating it as in Lemma REF .	none	0.85	This sentence describes a methodological improvement, which is not a limitation or future work.		
quant-ph/0402095	gold	78	In any case, a direct product theorem follows trivially from what has already been said.	none	0.85	This sentence concludes a mathematical argument, which is methodological context.		
quant-ph/0402095	gold	79	Theorem 13 (Direct Product Theorem) Suppose a quantum algorithm makes {{formula:0c207140-ced8-4b46-a37e-cdeac9b400ed}} queries to an oracle string {{formula:65097db3-61b4-402e-b4e2-688d853c7724}} .	none	0.85	This sentence states a theorem, which is part of the methodological context.		
quant-ph/0402095	gold	80	Let {{formula:e8ad5278-3951-4b17-aa9c-571c57ca0513}} be the minimum probability, over all {{formula:e8273f92-1a80-44d5-84e0-45fc14086cb3}} with Hamming weight {{formula:998bfa19-91a4-48b4-bf87-0e5be76897bd}} , that the algorithm finds all {{formula:6eb45aa1-7050-4cb3-a485-ced7830e290d}} of the `1' bits.	none	0.85	This sentence describes a mathematical implication, which is methodological context.		
quant-ph/0402095	gold	81	Then {{formula:ac47f59e-5517-47c5-b92d-80743b847b8d}} for some constant {{formula:838c6ca5-04e5-48d0-87b8-58ddb3352501}} .	none	0.85	This sentence describes a mathematical implication, which is methodological context.		
quant-ph/0402095	gold	82	Have the algorithm accept if it finds {{formula:14ff19ff-5df3-4d89-a91b-09c78ee59f29}} or more `1' bits and reject otherwise.	none	0.85	This sentence describes a methodological approach, which is not a limitation or future work.		
quant-ph/0402095	gold	83	Let {{formula:d7dbe219-4371-4557-9825-5360d0690008}} be the expected probability of acceptance if {{formula:7c42566b-1da3-4945-8dc5-ff5fc5bb4a54}} is drawn uniformly at random subject to {{formula:d0e86922-0d63-439a-ae04-ccfbcc76809d}} .	none	0.85	This sentence describes a mathematical implication, which is methodological context.		
quant-ph/0402095	gold	84	Then we know the following about {{formula:48e65fd4-5dda-414a-aa38-4239084da961}} : {{formula:d7c3f846-fc00-4008-87d9-da4fb8a62291}} at all integer points {{formula:9b90dad7-6221-46da-9b6a-b94c622256b1}} , since {{formula:9e8525e9-366c-4542-8c1c-e797e35d4f74}} is a probability.	none	0.85	This sentence describes a mathematical implication, which is methodological context.		
quant-ph/0402095	gold	85	{{formula:4aab6702-e939-4481-84a7-14941c9a3497}} for all {{formula:b51032b0-071b-4e44-a84d-17f63041c35d}} , since there are not {{formula:d30b902f-f7b5-4962-8cac-1c515b4dfed6}} marked items to be found.	none	0.85	This sentence describes a mathematical implication, which is methodological context.		
quant-ph/0402095	gold	86	{{formula:b201fc28-262d-4e00-912d-f0b52c4de39f}} .	none	0.85	This sentence describes a mathematical implication, which is methodological context.		
quant-ph/0402095	gold	87	Furthermore, Lemma REF implies that {{formula:8de2021b-e8c1-4142-b64e-d132abfa4e4b}} is a polynomial in {{formula:68d6e70b-e30c-4f13-84a4-4d9c5c4b70a2}} satisfying {{formula:f6686479-8a65-4b09-a2b5-fe08630531f5}} .	none	0.85	This sentence describes a mathematical implication, which is methodological context.		
quant-ph/0402095	gold	88	It follows from Lemma REF that {{formula:15971703-986d-4f71-9659-c4b051d2c9bf}} , or rearranging, that {{formula:39a6707d-2bc6-4b75-89dc-ad2af7874a2e}} .	none	0.85	This sentence describes a mathematical implication, which is methodological context.		
quant-ph/0402095	gold	89	We can now prove the desired oracle separation using standard complexity theory tricks.	none	0.85	This sentence describes a methodological approach, which is not a limitation or future work.		
quant-ph/0402095	gold	90	Theorem 14 There exists an oracle relative to which {{formula:19c245c0-cdc8-4b42-8112-afc654b0bc19}} .	none	0.85	This sentence states a theorem, which is part of the methodological context.		
quant-ph/0402095	gold	91	Given an oracle {{formula:4ce4faba-efa6-4656-aa52-9c5a35477eb2}} , define the language {{formula:ec7961c1-1aef-46b6-9a31-6c9b0b353b9d}} by {{formula:97b3a3c5-75af-421d-beab-c454dbdaee2d}} if and only if {{formula:d5d685d2-2c19-4d85-ad1a-5c7c57bd5ce4}} lexicographically and there exists an {{formula:a9802f84-8245-4a5e-8937-4f64a2456a4d}} such that {{formula:49e9c1f4-e60a-4522-89d2-31c2e3d83c4d}} and {{formula:6c2c22c0-b45d-49ba-aa53-a444b4bdebb2}} .	none	0.85	This sentence describes a methodological approach, which is not a limitation or future work.		
quant-ph/0402095	gold	92	Clearly {{formula:1bf9ce82-d71d-4054-96fd-88e6de129165}} for all {{formula:abe620d4-b587-426f-814c-d4d2855a7a24}} .	none	0.85	This sentence describes a mathematical implication, which is methodological context.		
quant-ph/0402095	gold	93	We argue that for some {{formula:3f4d0783-820e-43a2-91f8-b9ad7c8c7b7b}} , no {{formula:5f23cb32-c6fa-4df3-ab10-d3d484b98a44}} machine {{formula:88122c35-a241-4b1e-9386-ce7791c86d38}} with oracle access to {{formula:083d5bdc-4b33-4dfd-984e-7804a42f7f11}} can decide {{formula:b4ee96e7-09bc-4d3d-8178-3a77859b3a41}} .	none	0.85	This sentence describes a methodological approach, which is not a limitation or future work.		
quant-ph/0402095	gold	94	Without loss of generality we assume {{formula:846bfee6-0a0a-49a5-b542-96b7f79596a7}} is fixed, so that only the advice states {{formula:dd31a056-1bb3-48c9-adf6-a7decee1ab1c}} depend on {{formula:2b516ff8-7fa4-4b8d-b7fe-66102c524ff3}} .	none	0.85	This sentence describes a methodological assumption, which is not a limitation or future work.		
quant-ph/0402095	gold	95	We also assume the advice is boosted, so that {{formula:62c0a387-707e-4703-87f1-24cfb8c2c72a}} 's error probability on any input {{formula:80ffb3ff-948a-464b-a08a-d9ac56a50442}} is {{formula:73a8da4a-e1c4-4d30-9521-8cbe04303f62}} .	none	0.85	This sentence describes a methodological assumption, which is not a limitation or future work.		
quant-ph/0402095	gold	96	Choose a set {{formula:80e1f982-cf8c-4b3a-b233-89038b91611e}} subject to {{formula:c3a8a5a4-ecfe-412a-b080-461b5b261ad0}} ; then for all {{formula:e3215a3f-544e-4b57-b008-436d2ada4159}} , set {{formula:247c7123-ed05-4658-852f-2b9e881c76fd}} if and only if {{formula:a8785adf-984f-4bc6-b218-8ab41e0e018d}} .	none	0.85	This sentence describes a methodological approach, which is not a limitation or future work.		
quant-ph/0402095	gold	97	We claim that by using {{formula:00145392-d56b-4328-8a1a-68779a1d2b13}} , an algorithm could find all {{formula:b374878d-003f-4745-af6e-1ffe9a588730}} elements of {{formula:4960e0cb-ceca-48b9-a9b3-f2d321e9bf9d}} with high probability after only {{formula:4612346b-f907-4627-9485-d10c78ea5fc7}} queries to {{formula:b5a620c0-6ad7-420e-97e1-a2d3032840e7}} .	none	0.85	This sentence describes a methodological approach, which is not a limitation or future work.		
quant-ph/0402095	gold	98	Here is how: first use binary search (repeatedly halving the distance between {{formula:87f19cbf-af39-4c02-b658-d4ebfb05894e}} and {{formula:16126f5f-a105-4fd6-99d8-cc8226a78a03}} ) to find the lexicographically first element of {{formula:55de8f82-6dee-4d78-b5a2-dfe87f257dc1}} .	none	0.85	This sentence describes a methodological approach, which is not a limitation or future work.		
quant-ph/0402095	gold	99	By Lemma REF , the boosted advice state {{formula:813e1cf9-f784-4303-9121-b5c69272d48f}} is good for {{formula:5acfb1ae-af43-4b62-a4a6-7c2142e72bce}} uses, so this takes only {{formula:b1580f0b-80f2-4005-ba25-c2f98ea3de97}} queries.	none	0.85	This sentence describes a methodological approach, which is not a limitation or future work.		
quant-ph/0402095	gold	100	Then use binary search to find the lexicographically second element, and so on until all elements have been found.	none	0.85	This sentence describes a methodological approach, which is not a limitation or future work.		
quant-ph/0402095	gold	101	Now replace {{formula:132f4c7e-465a-46a5-9f76-49dfed6445fe}} by the maximally mixed state as in Theorem REF .	none	0.85	This sentence describes a methodological approach, which is not a limitation or future work.		
quant-ph/0402095	gold	102	This yields an algorithm that uses no advice, makes {{formula:93221ed3-c9e3-4a82-b023-da1c836283ac}} queries, and finds all {{formula:cc92472b-9d1c-4a96-b660-0720dfeabe02}} elements of {{formula:59faaa94-ee55-4ffa-80ed-e6826382e367}} with probability {{formula:01e0bed7-b33a-434f-a686-6fd74b5e344d}} .	none	0.85	This sentence describes a methodological approach, which is not a limitation or future work.		
quant-ph/0402095	gold	103	But taking {{formula:b7b92a68-0508-434c-8f24-e55c5a342d88}} , {{formula:cbef72fc-413d-4819-a965-2427e91c9553}} , {{formula:107e2253-e965-42c8-83a8-d976e8483cce}} , and {{formula:e775f2c4-20cb-468e-b797-af0c3be9e00c}} , such an algorithm would satisfy {{formula:e0827276-212f-4380-bc4a-e16eb08d13f0}} , which violates the bound of Theorem REF .	none	0.85	This sentence describes a methodological implication, which is not a limitation or future work.		
quant-ph/0402095	gold	104	Indeed one can show that {{formula:62ee2020-2e6f-4f23-9c67-981d633d4c3c}} relative a random oracle with probability 1.First group the oracle bits into polynomial-size blocks as Bennett and Gill {{cite:1a5d88be609b829168acbe04c160b3774a0e680e}} do, then use the techniques of Aaronson {{cite:b14e709ea8066458900314c6a444101378b5d01e}} to show that the acceptance probability is a low-degree univariate polynomial in the number of all-0 blocks.	none	0.85	This sentence describes a methodological approach, which is not a limitation or future work.		
quant-ph/0402095	gold	105	The rest of the proof follows Theorem REF .	none	0.85	This sentence describes a methodological approach, which is not a limitation or future work.		
quant-ph/0402095	gold	106	Are {{formula:7940211f-ead2-4025-8d03-52abf9232625}} and {{formula:a1be2f51-241b-41db-ae1c-4e506f493f04}} polynomially related for every total Boolean function {{formula:6b486ce4-3c56-4482-a92a-de0ad768fb03}} ?	open_problem	0.95	The sentence poses a question about the relationship between two measures, indicating an unresolved issue.		
quant-ph/0402095	gold	107	Also, can we exhibit any asymptotic separation between these measures?	open_problem	0.95	The sentence poses a question about exhibiting an asymptotic separation, indicating an unresolved issue.		
quant-ph/0402095	gold	108	The best separation we know of is a factor of 2: for the equality function we have {{formula:803b1dab-9afd-4dbc-a408-4fbb795ddc71}} , whereas Winter {{cite:d3ab39ed4ee6d0091a129a56ba52bc8ecc003ff4}} has shown that {{formula:8021f34f-c10b-4c6d-a543-7df262c648a4}} using a protocol involving mixed states.If we restrict ourselves to pure states, then {{formula:3338d294-869e-4f12-b965-978de11af5cf}} qubits are needed.	none	0.85	This sentence describes known results and context, which is not a limitation or future work.		
quant-ph/0402095	gold	109	Based on that fact, a previous version of this paper claimed incorrectly that {{formula:96333ac9-eb09-4dea-bd15-a5c9c8bf0a0e}} .	limitation	0.95	The sentence acknowledges an incorrect claim in a previous version of the paper, indicating a limitation in the prior work.		
quant-ph/0402095	gold	110	This factor-2 savings is tight for equality: a simple counting argument shows that {{formula:8faf8d65-50ac-4f5c-a9f6-e515083482a7}} ; and although the usual randomized protocol for equality {{cite:edac30fe9bc5b70ed117bc35548e9ac78e8ced11}} uses {{formula:ef41526c-daf2-405a-9c87-f6af20da97d8}} bits, there exist protocols based on error-correcting codes that use only {{formula:f7d0a170-a10e-4616-99d9-b451e82759b7}} bits.	none	0.85	This sentence describes known results and context, which is not a limitation or future work.		
quant-ph/0402095	gold	111	All of this holds for any constant error probability {{formula:a5fc51e3-bd00-4b95-a389-4d5ffcf19ad7}} .	none	0.85	This sentence describes known results and context, which is not a limitation or future work.		
quant-ph/0402095	gold	112	As a first step toward answering the above questions, can we lower-bound {{formula:147accf1-2907-40b3-a57a-340d334f4d1a}} for groups other than {{formula:36f39b6c-c0de-4a99-bbff-80cfd4087d39}} (such as {{formula:d1659315-fc6b-46e7-9ddf-cf387eb7dd87}} , or nonabelian groups)?	open_problem	0.95	The sentence poses a question about lower-bounding a measure for different groups, indicating an unresolved issue.		
quant-ph/0402095	gold	113	Also, can we characterize {{formula:a5d20f31-f0e3-4b17-95ba-5f3334c97e7f}} for all sets {{formula:3d1bf0be-acf5-4287-abe8-1ad5081c95c0}} , closing the gap between the upper and lower bounds?	open_problem	0.95	The sentence poses a question about characterizing a measure, indicating an unresolved issue.		
quant-ph/0402095	gold	114	Is there an oracle relative to which {{formula:84f7c16b-92d1-47e8-8c03-d7059689a49e}} ?	open_problem	0.95	The sentence poses a question about the existence of an oracle, indicating an unresolved issue.		
quant-ph/0402095	gold	115	Can we give oracles relative to which {{formula:a65bcb43-9fb4-4321-85f9-6e4ee82380b7}} and {{formula:9f5f8919-348e-49d7-8a82-7b05089e75d5}} are not contained in {{formula:880392a2-dc34-4c12-bdb0-0182809bd49b}} ?	open_problem	0.95	The sentence poses a question about giving oracles, indicating an unresolved issue.		
quant-ph/0402095	gold	116	Bennett et al. {{cite:5a0a45badcd919053d8a7a3922bd95e2fdb29e2d}} gave an oracle relative to which {{formula:11ce399a-261e-4471-a9cc-5488557895dd}} , while Aaronson {{cite:b14e709ea8066458900314c6a444101378b5d01e}} gave an oracle relative to which {{formula:4b59a50b-ec98-47d2-8c82-5d38c809cb6a}} .	none	0.85	This sentence describes known results and context, which is not a limitation or future work.		
quant-ph/0402095	gold	117	Even more ambitiously, can we prove a direct product theorem for quantum query complexity that applies to any partial or total function (not just search)?	open_problem	0.95	The sentence poses a question about proving a theorem for a broader class, indicating an unresolved issue.		
quant-ph/0402095	gold	118	For all {{formula:72f04dea-ec6d-4cbe-842f-3a211f0f47ab}} (partial or total), is {{formula:75b5080c-aa15-4b7a-8d8d-c58082ba4ff1}} whenever {{formula:84d493e5-eca0-4ffc-9d2f-1091e2cb2d4f}} ?	open_problem	0.95	The sentence poses a question about a separation for all functions, indicating an unresolved issue.		
quant-ph/0402095	gold	119	In other words, is the separation of Bar-Yossef et al. {{cite:f09da469e735106212608910cb08a0bab844a6a8}} the best possible?	open_problem	0.95	The sentence poses a question about the optimality of a separation, indicating an unresolved issue.		
quant-ph/0402095	gold	120	Can the result {{formula:18e501c7-c687-4810-89fb-7403cc8764ac}} for partial {{formula:6d905f2e-eb32-4ae3-ac87-7836404a71b7}} be improved to {{formula:bb182b39-7b9c-4f3e-a523-a5c38aacba3d}} ?	open_problem	0.95	The sentence poses a question about improving a result, indicating an unresolved issue.		
quant-ph/0402095	gold	121	We do not even know how to rule out {{formula:6192e879-1609-4158-8961-00b1b70270ff}} .	open_problem	0.95	The sentence states a lack of knowledge about ruling out a possibility, indicating an unresolved issue.		
quant-ph/0402095	gold	122	In the Simultaneous Messages (SM) model, there is no direct communication between Alice and Bob; instead, Alice and Bob both send messages to a third party called the referee, who then outputs the function value.	none	0.85	This sentence describes a model, which is background information.		
quant-ph/0402095	gold	123	The complexity measure is the sum of the two message lengths.	none	0.85	This sentence describes a complexity measure, which is background information.		
quant-ph/0402095	gold	124	Let {{formula:46574187-cfb3-4fe1-b57b-1eb020a5e68a}} and {{formula:3d74c8bf-83c5-4f4a-bc18-775ed5598cf1}} be the randomized and quantum bounded-error SM complexities of {{formula:af1286f8-f952-4976-9092-01f6cdd229e0}} respectively, and let {{formula:0905c812-efcb-4242-b9e1-4c9c47004b15}} be the randomized SM complexity if Alice and Bob share an arbitrarily long random string.	none	0.85	This sentence defines terms related to complexities, which is background information.		
quant-ph/0402095	gold	125	Building on work by Buhrman et al. {{cite:ee5fc12c88c8cd05c97cf9c784b08f7e26c07335}}, Yao {{cite:a29a32d0e97cd2f5854437f5e6cf604bdd23a206}} showed that {{formula:07709804-05d7-49f3-b840-0f4576c9f7dd}} whenever {{formula:d35cbe89-da7b-4ffd-91b6-7d20cd0ab42d}} .	none	0.85	This sentence describes known results and context, which is not a limitation or future work.		
quant-ph/0402095	gold	126	He then asked about the other direction: for some {{formula:563abe73-c80b-4512-b9ce-00ca81b8c287}} , does {{formula:15371299-f4fb-4a89-b52d-a729d1e95acc}} whenever {{formula:c50dfab1-5b69-428b-b83b-77c3f23a4e49}} , and does {{formula:1a8e0f97-8067-4113-8704-6a1560d41c90}} whenever {{formula:6e14ff89-9bfd-451b-9c39-b1a4469b37e9}} ?	open_problem	0.95	The sentence poses a question about the other direction of a result, indicating an unresolved issue.		
quant-ph/0402095	gold	127	In an earlier version of this paper, we showed that {{formula:edf3d5df-e024-450a-bdd7-61bade95924e}} , which means that a positive answer to Yao's first question would imply a positive answer to the second.	none	0.85	This sentence describes a result from an earlier version of the paper, which is not a limitation or future work.		
quant-ph/0402095	gold	128	Later we learned that Yao independently proved the same result {{cite:53abcea23b4533263792f38e7c6bea99c1dcd5fd}}.	none	0.85	This sentence describes a known result, which is not a limitation or future work.		
quant-ph/0402095	gold	129	Here we ask a related question: can {{formula:3e113e07-fbd1-4b3a-8b16-54fe77d642b9}} ever be exponentially smaller than {{formula:fa205707-fd61-42c9-af3d-74b48f7b1cd1}} ?	open_problem	0.95	The sentence poses a question about the relationship between two measures, indicating an unresolved issue.		
quant-ph/0402095	gold	130	(Buhrman et al. {{cite:ee5fc12c88c8cd05c97cf9c784b08f7e26c07335}} showed that {{formula:caadc7fa-d6cf-4783-9e27-3fce63faba0a}} can be exponentially smaller than {{formula:d6426cbe-c4e6-4161-92c7-2301ec66414f}} .) Iordanis Kerenidis has pointed out to us that, based on the hidden matching problem of Bar-Yossef et al. {{cite:f09da469e735106212608910cb08a0bab844a6a8}} discussed in Section , one can define a relation for which {{formula:6fb96050-0162-4aa4-ab63-73fa7e175785}} is exponentially smaller than {{formula:cbdebb06-cfd2-427f-801c-d7ef1be8cebc}} .	none	0.85	This sentence describes known results and context, which is not a limitation or future work.		
quant-ph/0402095	gold	131	However, as in the case of {{formula:1916160a-fed5-4be5-a876-52191df540e1}} versus {{formula:29e256e7-fe75-4d4b-a44e-3f58519fec78}} , it remains to extend that result to functions.	open_problem	0.95	The sentence states an unresolved issue about extending a result to functions.		
quant-ph/0402095	predicted	132	It presents three contributions which are basically independent of one another.	none	0.85	This sentence describes the contributions of the paper, which is not a limitation or future work.		
quant-ph/0402095	predicted	133	First, Section shows that {{formula:588ebba3-ae9a-4b98-84cd-48102131ba4f}} for any Boolean function {{formula:588e6507-7251-47ab-9e49-fa8fed281ff6}} , partial or total.	none	0.85	This sentence describes a result from the paper, which is not a limitation or future work.		
quant-ph/0402095	predicted	134	Here {{formula:2c7d996e-1cd7-4d80-9846-cf169f367573}} is deterministic one-way communication complexity, {{formula:a6c74321-6229-42ed-b8d2-458783efc977}} is bounded-error one-way quantum communication complexity, and {{formula:7b7a4ba0-c371-489f-ba01-6f289cc8c5a0}} is the length of Bob's input.	none	0.85	This sentence defines terms related to complexities, which is background information.		
quant-ph/0402095	predicted	135	Intuitively, whenever the set of Bob's possible inputs is not too large, Alice can send him a short classical message that lets him learn the outcome of any measurement he would have wanted to make on the quantum message {{formula:c213745c-8bdd-4bb2-b2d7-166ace6238c8}} .	none	0.85	This sentence provides an intuitive explanation, which is not a limitation or future work.		
quant-ph/0402095	predicted	136	It is interesting that a slightly tighter bound for total functions—{{formula:e0278ede-e768-4e77-892b-32981970fcf2}} —follows easily from a result of Klauck {{cite:a1be961da522bcf1b98ba72bca24af931f00e195}} together with a lemma of Sauer {{cite:aa4f8ea4852e2bfa8cfaceb820b6acd674630e09}} about VC-dimension.	none	0.85	This sentence describes a result and its derivation, which is not a limitation or future work.		
quant-ph/0402095	predicted	137	However, the proof of the latter bound is highly nonconstructive, and seems to fail for partial {{formula:97f4200a-83ba-4f30-b320-7257bc0064f3}} .	limitation	0.95	The sentence describes a nonconstructive proof that fails for certain cases, indicating a limitation in the approach.		
cs/0610128	gold	0	This paper has considered bin-buffering algorithms and showed that using a hierarchical approach, highly scalable algebraic queries were possible even with a small buffer.	none	0.95	This sentence summarizes the contributions and findings of the paper, not a limitation or future work.		
cs/0610128	both	1	Using overlapped bins, we have shown that we could buffer several local moments simultaneously and use much less storage than wavelet-based approaches while still supporting progressive queries and very scalable queries and updates.	none	0.95	This sentence describes the advantages of the method presented in the paper, not a limitation or future work.		
cs/0610128	both	2	In short, we showed that {{formula:beb28896-8869-4852-86b6-6634bb8f6571}} local moments could be buffered using only a single real-valued buffer: using bins of a fixed size irrespective of {{formula:da296d68-b55a-4f67-89d0-27f235a52e9c}} .	none	0.95	This sentence describes a result of the paper's method, not a limitation or future work.		
cs/0610128	both	3	Other types of range queries could also be grouped and buffered efficiently together {{cite:3ef5da4a02bb793893168133bd5a62bb433cc576}}.	none	0.95	This sentence describes a capability of the method, not a limitation or future work.		
cs/0610128	both	4	By a direct product {{cite:aa49b595a8cf654ccc092582befe47263fd8efa8}}, Hierarchical Bin Buffering and therefore the Ola approach can be generalized to the multidimensional case.	none	0.95	This sentence describes a generalization of the method, not a limitation or future work.		
cs/0610128	both	5	Some implementation issues were not addressed.	limitation	0.99	This sentence explicitly states that some implementation issues were not addressed, indicating a limitation of the paper.		
cs/0610128	both	6	For example, many forms of buffering using finite-accuracy floating-point numbers are susceptible to significant numerical errors.	limitation	0.99	This sentence describes a specific limitation related to numerical errors in buffering using finite-accuracy floating-point numbers.		
cs/0610128	both	7	Finally, the source code used for the production of this paper is freely available {{cite:cdac3b577396445090fa52fc9f277b0d703ee418}}.	none	0.95	This sentence provides information about the availability of the source code, not a limitation or future work.		
cs/0610128	predicted	8	a visualization setting where the user can set the degree of the polynomials to be fitted.	none	0.95	This sentence seems to describe a feature or setting, not a limitation or future work.		
cs/0610128	predicted	9	In such a case, Bin Buffering has very large bins (8 times larger than Ola) which might be undesirable: the approximation power of Bin Buffering for range sums is at least 4 times lower than Ola because of the much larger bins.	limitation	0.99	This sentence describes a limitation related to the size of bins in Bin Buffering and its impact on approximation power.		
cs/0610128	predicted	10	We have seen that Ola can have a competitive advantage when we are interested in getting approximate queries out of the memory buffer.	none	0.95	This sentence describes an advantage of the Ola method, not a limitation or future work.		
cs/0610128	predicted	11	Indeed, Ola supports a wide range of query types using a single memory buffer and relatively small bins.	none	0.95	This sentence describes the capabilities of Ola, not a limitation or future work.		
cs/0610128	predicted	12	However, as with wavelet-based techniques {{cite:eec9aa0d3a7284dafe8f059a5fcc254c97061dbf}}, {{cite:0e2af1852f6c0f4c010a8d8fe165de4bc4088031}}, {{cite:02b263ec99a74822343d0ff348f8ccb053b6be31}}, Ola can support incrementally better estimates.	none	0.95	This sentence describes a feature of Ola, not a limitation or future work.		
cs/0610128	predicted	13	With wavelet-based methods, one gets approximations by selecting the most significant wavelet coefficients.	none	0.95	This sentence describes how wavelet-based methods work, not a limitation or future work.		
cs/0610128	predicted	14	However, this approach calls for storing all coefficients in order to quickly answer queries within a user-specified error bound.	limitation	0.99	This sentence describes a limitation of wavelet-based methods related to storage requirements.		
cs/0610128	predicted	15	This would be unacceptable for many applications: the wavelet buffer is as large as the external array itself.	limitation	0.99	This sentence describes a limitation of wavelet-based methods, stating that the buffer size is unacceptable for many applications.		
cs/0610128	predicted	16	Incrementally better Ola approximations can be computed by first using the internal buffer, and then adding bins one by one.	none	0.95	This sentence describes a feature of Ola, not a limitation or future work.		
cs/0610128	predicted	17	Indeed, for a given range query, the Ola algorithms involve many bins at both ends of the range.	none	0.95	This sentence describes a characteristic of the Ola algorithms, not a limitation or future work.		
cs/0610128	predicted	18	However, only the first few bins have a significant contribution.	none	0.95	This sentence describes a characteristic of the bins used in Ola, not a limitation or future work.		
cs/0610128	predicted	19	Recall subsection REF , in which we showed that {{formula:4e3469fc-ae98-4616-be7c-48545f11651f}} was given by {{formula:0d2f610f-f0c7-4b70-ae01-94a0c57431e8}} where {{formula:31fbd5f9-8e41-4642-bd9b-611a79919535}} is a Lagrange interpolation of the range query function {{formula:8a74838f-a0c1-416a-85d3-1178337efb8c}} .	none	0.95	This sentence refers to a previous subsection and describes a mathematical result, not a limitation or future work.		
cs/0610128	predicted	20	Only when the function {{formula:7e071825-878a-4305-8fb9-1313562be225}} goes from a polynomial to 0 is there a difference between the target range function {{formula:277e903e-7435-4e9b-a584-4663c5e28eb5}} and the range function {{formula:9b6d4df6-5202-4604-a583-bbe97d92aff6}} estimated by bin-wise Lagrange interpolation.	none	0.95	This sentence describes a specific case in the interpolation process, not a limitation or future work.		
cs/0610128	predicted	21	However, the error made by Lagrange interpolation also diminishes as we move away from the bin containing the edge of the range.	none	0.95	This sentence describes a characteristic of the error in interpolation, not a limitation or future work.		
cs/0610128	predicted	22	In many cases, it might be sufficient to take into account only 1 or 3 bins near the edge (at each endpoint of the range).	none	0.95	This sentence describes a potential simplification in the interpolation process, not a limitation or future work.		
cs/0610128	predicted	23	For example, consider {{formula:b74f6063-a713-47fe-bf7f-27e63d19f785}} , {{formula:ae43c79d-d662-4b5c-b0e2-d28cf68bbc90}} with {{formula:3cc03909-f490-45c9-a37d-29c5b0262d27}} for {{formula:a4338820-e095-4a78-96c7-c98eda7b001b}} and 0 otherwise.	none	0.95	This sentence provides an example related to interpolation, not a limitation or future work.		
cs/0610128	predicted	24	A numerical evaluation shows that using only one bin at each endpoint instead of the required 3 will take care of 86% of the error when range edges are in the middle of a bin.	none	0.95	This sentence describes a result of numerical evaluation, not a limitation or future work.		
cs/0610128	predicted	25	The result is more significant for larger {{formula:651498a8-2b23-4167-bdd3-6124c24aa343}} , for example, for {{formula:e87c9754-eff6-41a4-bebe-439de91f1962}} , we need 15 bins at each endpoint for a complete evaluation; however, if we use only 5 centered, we take care of 97% of the error.	none	0.95	This sentence describes a result of numerical evaluation, not a limitation or future work.		
cs/0610128	predicted	26	(See Figure REF .) In short, Ola can provide wavelet-like progressive evaluation of the queries simply by querying fewer bins in the external array.	none	0.95	This sentence describes a feature of Ola, not a limitation or future work.		
cs/0610128	predicted	27	We can analyze more mathematically the relationship between the number of bins used at each end of the range and the error.	none	0.95	This sentence suggests further mathematical analysis, but does not explicitly state future work or a limitation.		
cs/0610128	predicted	28	First note that bin-wise Lagrange interpolation is linear: if we interpolate the sequence {{formula:a595a895-45b1-4c14-801a-0db5ad47d95d}} and the sequence {{formula:77ce7320-2754-4c40-9de2-7e37ff91782f}} , then the sum of the two interpolants is just the interpolation of the sequence {{formula:6ed157bf-3dcd-412e-97cb-516f74a2bbca}} .	none	0.95	This sentence describes a property of interpolation, not a limitation or future work.		
cs/0610128	predicted	29	Hence, it is sufficient to consider only one non-zero sample value at any given time.	none	0.95	This sentence describes a simplification in the interpolation process, not a limitation or future work.		
cs/0610128	predicted	30	We proceed to show that the contribution of a sample value {{formula:7bab7378-a16c-49db-9ffa-ddd329ac460b}} to bin-wise Lagrange interpolation decays quickly past one bin.	none	0.95	This sentence describes a mathematical result, not a limitation or future work.		
cs/0610128	predicted	31	Let {{formula:2373713a-d9b1-4776-97a3-11285e704a41}} be fixed, and consider the interpolation of the sequence {{formula:c512770e-0f61-4486-b2e7-8e3029f88160}} , {{formula:bb06163d-a9a0-4a0e-98db-deab02ba0e20}} for all {{formula:52f499c9-31f6-4ef4-9e99-d6fc927a0544}} .	none	0.95	This sentence describes a mathematical setup, not a limitation or future work.		
cs/0610128	predicted	32	We can then consider the interpolant {{formula:e5a8e810-833d-4a94-8a2b-8edb61eafa2d}} in the {{formula:71766955-dbe4-422c-b117-e778c595a0cf}} bin defined by the interval {{formula:0dbe5af3-95c1-4e91-a457-934489ecb359}} .	none	0.95	This sentence describes a mathematical setup, not a limitation or future work.		
cs/0610128	predicted	33	The following polynomial (refer to Eq. (REF )) describes {{formula:f85a5c14-b89c-4253-b42a-1644588ec107}} : {{formula:13723ff7-f9df-4543-8359-472ab1fcadcc}} where {{formula:5812f466-4b09-4133-9996-58dfb7e6f932}} .	none	0.95	This sentence describes a mathematical formula, not a limitation or future work.		
cs/0610128	predicted	34	The formula is only valid for {{formula:b46baf4a-e375-4b0e-bfa5-cd2dcc1f9cf8}} ; elsewhere {{formula:65441f23-e43c-48b2-95ed-aba28c335f9f}} is identically zero.	none	0.95	This sentence describes the validity of a formula, not a limitation or future work.		
cs/0610128	predicted	35	Clearly the denominator will increase sharply in absolute value as {{formula:9b2989d5-574f-41a7-9f6e-2e29e8428a4b}} grows.	none	0.95	This sentence describes a mathematical property, not a limitation or future work.		
cs/0610128	predicted	36	We show that the numerator is non increasing in {{formula:4d16133f-43dd-4e70-932a-1a5d554a1373}} .	none	0.95	This sentence describes a mathematical property, not a limitation or future work.		
cs/0610128	predicted	37	Setting {{formula:f9199149-d4a3-4579-b663-87d4f9227445}} , we have {{formula:4fac8d27-568f-4156-9b73-4141a4793133}} .	none	0.95	This sentence describes a mathematical setup, not a limitation or future work.		
cs/0610128	predicted	38	However, {{formula:9f57a09b-9eeb-4b6e-afff-c17278df147e}} and because {{formula:8345589d-734c-4a5a-b6ab-04b7e1223e3a}} , {{formula:c66a3895-c4a9-4e24-8995-7e5ac4975c1a}} and so, the numerator goes down in amplitude as {{formula:e988a5bf-ba12-4d4f-9f9e-bf8b0be642f5}} .	none	0.95	This sentence describes a mathematical property, not a limitation or future work.		
cs/0610128	predicted	39	On the other hand, the denominator in absolute value, {{formula:29ad62ce-e8d8-49bd-9776-2aa3272c37ab}} .	none	0.95	This sentence describes a mathematical property, not a limitation or future work.		
cs/0610128	predicted	40	Setting {{formula:3f63425d-076c-4f29-af28-7a06f72815d0}} , we have {{formula:f63f921d-e7d6-4fb4-9a56-0c5e229b99be}} which has a rate of increase of starting at {{formula:56add60e-a32f-4208-96be-c3debcd91320}} and rising with {{formula:21b2de06-083b-4c66-8223-0cd267d013d9}} .	none	0.95	This sentence describes a mathematical setup, not a limitation or future work.		
cs/0610128	predicted	41	Hence, the amplitude of the polynomial decreases faster than exponentially as {{formula:a50cea20-2bc3-4245-be99-2d131b971936}} increases.	none	0.95	This sentence describes a mathematical result, not a limitation or future work.		
cs/0610128	predicted	42	It is difficult to compare the progressive approximation we get using this approach with related wavelet-based ones.	limitation	0.99	This sentence describes a difficulty in comparing the approach with wavelet-based ones, indicating a limitation.		
cs/0610128	predicted	43	Wavelet-based algorithms do not use the original array as a data source when answering queries and thus, they have much larger storage requirements.	none	0.95	This sentence describes a characteristic of wavelet-based algorithms, not a limitation or future work.		
cs/0610128	predicted	44	For large-scale applications, approximate queries are required for wavelet-based algorithms because storing all the coefficients is unthinkable whereas Ola has progressive approximate queries as an added option.	none	0.95	This sentence describes a characteristic of wavelet-based algorithms and Ola, not a limitation or future work.		
cs/0610128	predicted	45	{{figure:09d86f14-1aa1-417a-a5ee-5e25640eb88c}} This paper has considered bin-buffering algorithms and showed that using a hierarchical approach, highly scalable algebraic queries were possible even with a small buffer.	none	0.95	This sentence summarizes the contributions and findings of the paper, not a limitation or future work.		
0803.2303	both	0	Are simple the zeros of the {{formula:ffdef203-3147-4251-99c7-6bae2376c8b9}} Riemann Function?	open_problem	0.9	The sentence poses a question about the nature of zeros of the Riemann Function, indicating an unresolved issue without author commitment to address it.		
0803.2303	both	1	It is known that of all imaginary quadratic field {{formula:8fcefc9a-1755-4e03-8908-b95324765e45}} with class number {{formula:293c917c-800c-406c-bd21-b69618e063f9}} , we have {{formula:d851f82e-a10a-4ed6-924c-8e9fdf019923}} , except for at most one exceptional field, for which {{formula:ed5bb14b-df92-47d1-a9e9-c7f8231c3d1d}} may be Larger.	none	0.95	This sentence provides known information about imaginary quadratic fields and class numbers, without indicating a limitation or future work.		
0803.2303	both	2	Does there exist such an Exceptional Field?	open_problem	0.9	The sentence asks whether an exceptional field exists, indicating an unresolved question without author commitment to address it.		
0803.2303	both	3	Hint.- See {{cite:886be30346721a649db53e8024b53379d9a1b641}} and {{cite:a9d20367c75d890001f5482066503c6a4a36ed7e}}.	none	0.95	This sentence provides a hint by referring to other works, without indicating a limitation or future work.		
0803.2303	both	4	Prof: Pedro J, Geraldo C.	none	0.95	This sentence provides author information, not related to limitations or future work.		
0803.2303	both	5	Home address: Calle principal 130.	none	0.95	This sentence provides author information, not related to limitations or future work.		
0803.2303	both	6	Delicias Nuevas Cabimas (4013).	none	0.95	This sentence provides author information, not related to limitations or future work.		
0803.2303	both	7	Edo Zulia Venezuela.	none	0.95	This sentence provides author information, not related to limitations or future work.		
0803.2303	both	8	E-mail: pegeraldo@luz.edu.ve & pegeraldo@yahoo.com Home phone: 0264-2513221	none	0.95	This sentence provides author information, not related to limitations or future work.		
0803.2303	predicted	9	Let {{formula:e657a353-dee0-475c-aa4e-b63e442806f9}} and {{formula:1025c447-c2c1-4cd2-8411-74736fb53b91}} be its real value, then: {{formula:929c494f-833b-4092-941f-b6e5827031ee}} is a well defined function for every {{formula:66f73d5b-a2ab-49d3-b4ce-76200459566b}} .	none	0.95	This sentence describes a mathematical function, not indicating a limitation or future work.		
0803.2303	predicted	10	Let {{formula:40bd0ea0-f423-4d95-863f-55d99ca30904}} be an arbitrary real number.	none	0.95	This sentence introduces an arbitrary real number, not indicating a limitation or future work.		
0803.2303	predicted	11	For {{formula:bafc55eb-f655-4a13-b629-000d4c03c9ba}} , we have: {{formula:ccb72692-997f-4878-bfac-a766403d9fe8}} The {{formula:7ebe6e71-3631-4101-84dc-69b4a49347f5}} -series {{formula:3bd02e83-3811-4b89-9500-25be67259d4f}} is convergent and Weirstrass criterion says that the series {{formula:efaea4e1-49b5-4093-a06a-bac16ab8daa8}} is also absolutely convergent for {{formula:c240e76a-25e0-47d8-a128-f5894daad12a}} .The Riemann Zeta Function is defined as follow: {{formula:8f295fa4-bcd0-46ae-ba1a-bce4c55c8723}} {{formula:69185097-db39-49de-9d3a-05680e14d969}} is analytic in the half-plane {{formula:958dd7be-59de-490c-a1e4-deeb4a4230ec}} and uniformly convergent in every compact set contained in that half-plane {{formula:fa069c88-c9fd-4349-a517-47e2c8f57804}} .	none	0.95	This sentence describes mathematical properties and definitions, not indicating a limitation or future work.		
0803.2303	predicted	12	Definition 1 Let {{formula:3c1630c9-9b77-4d4a-9478-c7372aebbe5f}} and {{formula:6cc25098-b394-4938-afeb-71a66b9cc82c}} be sets.	none	0.95	This sentence provides a definition, not indicating a limitation or future work.		
0803.2303	predicted	13	Suppose {{formula:2c53b425-905b-4dcb-bca2-bec2c486b900}} and {{formula:b688ebd7-320e-41af-a897-012af9246bd8}} be an application.	none	0.95	This sentence describes a mathematical application, not indicating a limitation or future work.		
0803.2303	predicted	14	The application {{formula:2819ae7a-5ce6-4298-9b7b-da9287f7446e}} is said to be an extension of {{formula:5c83de6b-ca82-408e-bffb-3bc2030227ef}} over {{formula:ceb9c4ec-604d-4bb4-9567-7984b5de0a04}} relative to {{formula:04d21c10-087b-4b2c-9466-74d3f415b80c}} if {{formula:da7e9f57-a949-4bfc-a739-18cd8f8090fe}} .	none	0.95	This sentence describes a mathematical application, not indicating a limitation or future work.		
0803.2303	predicted	15	In general such an application is not unique see {{cite:f37905fcc26a868bc6a9664d8d2d4231e59abcd4}}.	none	0.95	This sentence describes a property of mathematical applications, not indicating a limitation or future work.		
0803.2303	predicted	16	However, any Analytic continuations (extension) if they exist are unique, see {{cite:001782f2518c30d379e9805daa01a7acd6be9fbe}} and {{cite:f2a570f23772ff96a5c9f9b04194d20e749ee51f}}.	none	0.95	This sentence describes a property of analytic continuations, not indicating a limitation or future work.		
0803.2303	predicted	17	Theorem 1 {{formula:31cf0f3e-54dc-4f45-afee-a8be2650979f}} can be continued across the boundary {{formula:acc0987d-63fc-431d-9041-098dca439557}} of the half- plane {{formula:dcd8e7ca-bbe1-4460-95d9-ae083653e9c5}} , and proves to be a Meromorphic function having the single pole {{formula:1ed2a62b-304d-4d68-9964-042f0c8ecee5}} with the principal part {{formula:5a9b4ba0-22c6-45b6-b9e8-82e837858e06}} ; i.e., {{formula:89d864a7-f850-4826-86c8-f6e2edb30808}} is a simple pole with residue {{formula:1e741d06-70c5-4cae-87cb-25c44678d5fe}} .	none	0.95	This sentence describes a theorem, not indicating a limitation or future work.		
0803.2303	predicted	18	See {{cite:78589b501f5841f64e2be5e16f4ee5bf703545a0}} From Theorem REF , we get that: The analytic Continuation of {{formula:23aeec9c-1753-4bfb-9ee8-20990338ce31}} up to the boundary {{formula:4c294809-e35d-4124-af34-dcebdc104857}} is given by {{formula:7aada114-6392-4d55-9009-c2679b2a7744}} The analytic Continuation of {{formula:02c01e2d-226d-42ab-910e-bfd2a34782c5}} up to {{formula:196de056-ff79-4653-a7f5-dbeb81579566}} is given by {{formula:332a7364-8991-4c13-adf8-8f9a7dc99aba}} The analytic Continuation of {{formula:4c00bb32-d520-4814-8beb-f0c7b1abeab9}} up to {{formula:d43162b3-80a3-4271-964f-9caf44280fad}} is given by {{formula:b6872c61-f13e-42fd-912e-f23c5735e9f6}} and so forth by induction.	none	0.95	This sentence describes results from a theorem, not indicating a limitation or future work.		
0803.2303	predicted	19	The most important issue here is that by definition REF , it is enough to proof the Riemann Conjeture for {{formula:e05547bb-cd2c-42f5-b360-380d9241a876}} see also {{cite:f2a570f23772ff96a5c9f9b04194d20e749ee51f}} prop. 16.10.	none	0.95	This sentence discusses the importance of a definition in proving the Riemann Conjecture, not indicating a limitation or future work.		
0803.2303	predicted	20	Remember that: {{formula:da6687f2-bab3-4c8f-a0e9-d6a662ac36da}} for {{formula:bd5898bd-70e7-445a-85e5-804d58dbb035}} which can be deduced from Riemann's functional equation: {{formula:55625a71-fea1-446d-8d31-5a7dbb68c6b2}} {{formula:29ae13fb-affa-4cba-aa46-655668fd71ce}} We also know that {{formula:19f3f424-ba98-4851-a99e-21e8d52a32f4}} and {{formula:f3e14092-a059-449f-ab6a-d93d3a4e7f92}} , similar reasoning gives that {{formula:397c2fe5-eda7-4b8c-b010-58e7db8392bb}} has no other zeros outside the Critical strip {{formula:eb163fa6-039e-40ff-98b9-80511fe1e87d}} than the trivials: {{formula:45a32ced-ddbe-4be1-a73f-99132465a01f}} .	none	0.95	This sentence describes known mathematical properties, not indicating a limitation or future work.		
0803.2303	predicted	21	Definition 2 The points {{formula:6d1ab9b3-5cc1-4580-9f83-985e9de6d01a}} are called the trivials zeros of {{formula:f534c85d-9299-4018-ab4d-76a3dfd5f255}} .	none	0.95	This sentence provides a definition, not indicating a limitation or future work.		
0803.2303	predicted	22	Let us define the following sets: {{formula:e0533445-4a26-49f0-83de-ef7d34f8c8a3}} called the critical line {{formula:59b8322e-65ed-4cd4-9c83-69cb075e72c3}} {{formula:37eaa4da-3b2f-42e6-8058-05ce902bc06f}} {{formula:5574c094-591f-436e-97ab-618641793da6}} {{formula:cb1c3595-27c8-44b9-bb78-cb5284eb487b}} called the critical strip.	none	0.95	This sentence defines mathematical sets, not indicating a limitation or future work.		
0803.2303	predicted	23	See more about this in {{cite:2953649b87d9277a791ac6b94b7f4008f222afc9}}.	none	0.95	This sentence refers to further reading, not indicating a limitation or future work.		
0803.2303	predicted	24	The Riemann Hypothesis is equivalent to say that {{formula:9fdf9f56-18ca-42e4-a34f-8de770354328}} has no zeros in {{formula:a899b9e2-76c9-4881-871d-6b713dd34533}} .	none	0.95	This sentence describes the equivalence of the Riemann Hypothesis, not indicating a limitation or future work.		
0803.2303	predicted	25	Lemma 1 If {{formula:96354c35-e325-4eef-8e42-101e9392f39d}} , then: {{formula:1042dd9e-dc24-4bce-9dd7-971ddc566612}} {{formula:d11e49a0-6368-4752-b33b-71cd0e2f57a8}} Corollary 1 {{formula:c06d4c3e-e699-4791-98ac-9524d5576ddd}} Theorem 2 If {{formula:3b750645-e6a5-4b3d-bf85-1f3ed77dba67}} .	none	0.95	This sentence describes a lemma, not indicating a limitation or future work.		
0803.2303	predicted	26	Then, {{formula:a80cb671-8290-4eb0-92e2-37ee66099342}} (i) {{formula:2c89c61e-7be6-49f0-82b5-8d96d6a69c47}} (ii) {{formula:3035dec6-a577-4096-999e-cc7c8b0d8654}} {{formula:4001072e-704d-4e87-9e90-5aa532ad15db}} Lemma 2 For {{formula:6c6a05da-5430-4a3e-a3a9-3ea9f8dc10cc}} .	none	0.95	This sentence describes mathematical results, not indicating a limitation or future work.		
0803.2303	predicted	27	Then {{formula:20c437b0-1849-41f9-8e43-956100eabb8a}} we have that: {{formula:8bb5ca4e-a464-411c-83b2-ce7a9ec48b27}} Let's suppose that {{formula:5f32c331-d84d-4408-983e-997b9a6c4a1b}} such that {{formula:2e01632a-6661-472e-9549-e0ff665703ea}} and {{formula:0d49894a-2d9f-4d51-a239-5bd28b91803e}} then, derivating with respect to y we find that: {{formula:ac906586-6b27-436f-946e-18b053fc5bcb}} {{formula:21d3c078-4c15-4365-bde0-dff4eecee8ec}} {{formula:812a8a88-c5a3-4150-98f6-ae85d2f24297}} {{formula:743133c3-6ced-4c23-be15-281876a4143f}} {{formula:d39637da-674d-473e-ada3-320ff0375691}} Therefore, {{formula:4cd7d134-e576-4659-acd8-eeda21d37e4b}} we have that: {{formula:c2ca72f0-2c7a-49f5-a21c-dd07d74bd98a}} in particular if {{formula:47e7d74e-a64e-46d5-bfd2-b8560c09cc2a}} , we have {{formula:f99edb68-14a3-4dc9-b89e-cfb70784688f}} Theorem 3 (The Riemman's conjeture) {{formula:cd001976-6368-46f1-808e-856e0fcfa70c}} Let's suppose that: {{formula:1411aa51-e1ee-4bed-a80f-6e9f0a40224a}} {{formula:4ecc6083-679a-465d-a3bf-b4ef8534dee8}} {{formula:b8aa5e76-67ea-41cd-9898-5b178082f637}} {{formula:bbcad377-525b-4b99-9a00-d5912fbc25b3}} {{formula:26e6f50f-ff78-49fd-b1af-cfeadc810003}} {{formula:7105f691-b31e-4989-9dfc-6711ce6e4877}} Let's suppose: {{formula:b262727d-e30b-4a4a-a216-e805724be52d}} {{formula:b2dc6ae1-859a-47af-b47e-b8e97126dde8}} {{formula:3f45b225-e67c-4aef-b042-28f2458780be}} {{formula:8cf8bcd5-e170-46a2-81f4-0314b06c0852}} {{formula:93de0cb9-b0dd-4cda-a886-a4492f8d8137}} Then: {{formula:b8caf88e-c939-4624-be71-1de62066e491}} {{formula:c15179e7-ca97-4848-9839-7ac36cc238d6}} {{formula:0719d5c2-b54b-4ae5-a22e-70dac90ed049}} {{formula:79fa3d5a-cc84-40cb-a897-9dcf5b9e5067}} {{formula:504c3126-6635-4965-8d02-87a911ccc9e9}} {{formula:cf40b602-08a2-4265-85e7-1c1b545207e1}} {{formula:555fd8b1-c161-4482-bca0-5e4d1638f1f5}} {{formula:4616635f-b98f-41d6-a1ae-ff22da3c6958}} {{formula:11389f15-6195-468c-81a4-0639407c1b06}} Then the proposition “{{formula:3c048044-f212-4d49-8c4f-d63071775769}} ” is false.	none	0.95	This sentence describes mathematical results, not indicating a limitation or future work.		
0803.2303	predicted	28	Therefore: {{formula:f8348f3f-bfea-4b4b-9579-88e9cd5aca22}} It is known that {{formula:fd2bf671-b8ef-49db-bf7c-155613c844ab}} for some {{formula:1ff89c07-a979-44ce-a408-6982bbcddea3}} .	none	0.95	This sentence describes known mathematical properties, not indicating a limitation or future work.		
0803.2303	predicted	29	See for example: [11], [25], [35] or [38].	none	0.95	This sentence refers to further reading, not indicating a limitation or future work.		
0803.2303	predicted	30	Not every {{formula:a9c8ea69-767c-4bb9-983b-1c7a37be5854}} is solution for {{formula:19ddc931-7197-46eb-a168-bd18a8e3d8d5}} , for example {{formula:a7d8a2f3-180a-4329-84ac-2e2d7b8d9b0c}} and it is not difficult to prove that {{formula:ad994fd2-fb2b-42f7-9621-a812e60fdf45}} .	none	0.95	This sentence describes mathematical properties, not indicating a limitation or future work.		
0803.2303	predicted	31	We can say now that: {{formula:a76debf3-08bf-48cc-ab20-21edefd927b4}} Now we know that the non-trivial zeros of {{formula:302dbe5b-c28c-4111-b3c3-853cfe1b6e90}} are on the critical line.	none	0.95	This sentence describes known mathematical results, not indicating a limitation or future work.		
0803.2303	predicted	32	Therefore: To find non-trivial solutions for {{formula:670f1c8d-c5f6-4f59-bce7-b3e350884e40}} ;{{formula:f7afec10-59fa-4a91-b01d-e497f18c6f17}} , we can try the system: {{formula:2a27f91e-b141-4002-a826-4292869820a1}} for {{formula:59e6b9fc-37b5-4daf-9d40-7755ff159432}} big enough could be useful to try the system {{formula:37948644-dd7f-43ad-b4d2-711a21d427fd}} Corollary 2 If every statement of the type “{{formula:df47fa29-56c6-4539-84c1-1fe39f0487f8}} ” is true.	future_work	0.9	The sentence suggests trying a system to find non-trivial solutions, indicating a potential direction for future work.		
0803.2303	predicted	33	Then {{formula:47826832-5e15-4dc2-8354-0422642b0457}} .	none	0.95	This sentence describes mathematical results, not indicating a limitation or future work.		
0803.2303	predicted	34	Where {{formula:cce122e1-7fc4-4418-b60a-69fbeda8d372}} means a relation betwen {{formula:187c45b1-263a-4379-80bb-4f1c459c57b2}} and {{formula:fd30375c-b2bd-422e-b0b6-48d10524e51d}} .	none	0.95	This sentence describes a mathematical relation, not indicating a limitation or future work.		
0803.2303	predicted	35	{{formula:22ec02a6-d872-4caa-9fd9-576c775ba1d0}} That “RH” is true follows from Theorem 3.	none	0.95	This sentence claims that the Riemann Hypothesis is true based on a theorem, not indicating a limitation or future work.		
0803.2303	predicted	36	Then: {{formula:5f83beee-6cf9-431f-b344-520d44f977a2}} {{formula:ae354eb3-1f4e-4670-945c-f6164f72a742}} {{formula:3e460a9b-eaeb-45fa-8e6d-68f4e7826cec}} See {{cite:47f9c4e861341d0af3fe36f2ac3a78d4bf88c552}} pags. 13–16.	none	0.95	This sentence describes mathematical results and refers to further reading, not indicating a limitation or future work.		
0803.2303	predicted	37	{{formula:15914207-f6e8-4f2b-bd1b-dff899561761}} Redheffer (1977) {{formula:51736b26-2965-44ad-affc-06113559d7fd}} where {{formula:5a52f84a-648e-4a23-ab4b-12ffcc1908ca}} is the {{formula:1836ee90-457a-429e-abfb-ed174111a27f}} matrix of 0's and 1's defined by {{formula:eed3a69e-e4d1-4268-939d-7a461626f4c1}} This is an important result for linear analysis for example.	none	0.95	This sentence describes a mathematical result, not indicating a limitation or future work.		
0803.2303	predicted	38	See {{cite:977b98855c73058f30b9bf3900de79819fd96297}} {{formula:2896be17-c84b-4653-b2ad-ad00f0aa03ee}} Lagarias (2002) Let {{formula:8cc57cfa-1d98-4b7f-9174-3b81ad211b25}} denotes the sum of the positive divisors of {{formula:aa758dad-47ef-4400-be46-97843c899d2c}} .	none	0.95	This sentence describes a mathematical result, not indicating a limitation or future work.		
0803.2303	predicted	39	Then {{formula:0bbc8075-f1e3-475e-9126-0c7cf37a69fc}} where {{formula:42ae7b02-ed16-4d8b-818b-4ac86da4e7cf}} .	none	0.95	This sentence describes a mathematical result, not indicating a limitation or future work.		
0803.2303	predicted	40	This is an important result for number theory for example.	none	0.95	This sentence describes the importance of a result, not indicating a limitation or future work.		
0803.2303	predicted	41	See {{cite:977b98855c73058f30b9bf3900de79819fd96297}}.	none	0.95	This sentence refers to further reading, not indicating a limitation or future work.		
0803.2303	predicted	42	{{formula:4f27ee45-d2dd-4400-b32b-b75685239f10}} Nyman-Beurling {{formula:a5996213-3dce-43bf-948d-d229b88319aa}} where {{formula:b35df816-eb90-4a1b-930e-86e3f481daaa}} and {{formula:702f8489-752f-470e-a915-ab4871cf1edd}} is the fractional part of {{formula:6205c481-e5af-4730-8c77-0b4b9bc17933}} this is an important result for Real and Functional Analysis for example.	none	0.95	This sentence describes a mathematical result, not indicating a limitation or future work.		
0803.2303	predicted	43	See {{cite:977b98855c73058f30b9bf3900de79819fd96297}} Others results like these can be seen in {{cite:977b98855c73058f30b9bf3900de79819fd96297}}.	none	0.95	This sentence refers to further reading, not indicating a limitation or future work.		
0803.2303	predicted	44	I believe that one of the must important result to be studied after this one is the paper of Andre Weil.	future_work	0.9	The sentence expresses an intention to study Andre Weil's paper, indicating a direction for future work.		
0803.2303	predicted	45	Corollary 3 If {{formula:09c70126-aa06-4e7f-902a-70cd2b819496}} is the principal character {{formula:8086e678-bc7c-48bd-88ba-4de8ce6e0e39}} then: {{formula:d353d5b5-9736-476a-aac4-4322b35e348a}} See [2] Theorem 11.7 and then use theorem 3.	none	0.95	This sentence describes a corollary, not indicating a limitation or future work.		
0805.3456	gold	0	In this paper the problem of synchronizing a network of identical linear systems described by the state-space model {{formula:a7e02dba-0c59-4950-b1eb-3578a5ae1f0b}} under general interconnection topologies has been addressed.	none	0.95	This sentence describes the problem addressed in the paper, which is not a limitation, future work, or open problem.		
0805.3456	gold	1	A dynamic controller ensuring exponential convergence of the solutions to a synchronized solution of the decoupled systems is provided assuming that (i) {{formula:f8589f9c-0c74-4e77-bd76-f907131ea839}} has no exponentially unstable mode, (ii) {{formula:3ffec993-9346-4607-a733-ad410a92ac39}} is stabilizable and {{formula:7d289923-8c74-497a-81af-4b66f95f6eb7}} is detectable, and (iii) the communication graph is uniformly connected.	none	0.95	This sentence describes the methodology and assumptions used in the paper, not a limitation or future work.		
0805.3456	gold	2	Stronger conditions are shown to be sufficient (and, to some extent, also necessary) to ensure synchronization with the often considered static diffusive output coupling.	none	0.9	This sentence discusses conditions related to synchronization, but does not state a limitation or future work.		
0805.3456	gold	3	The extension of the proposed technique for synchronization of nonlinear systems is the subject of ongoing work.	future_work	0.98	The sentence explicitly mentions ongoing work to extend the technique to nonlinear systems, indicating future work.		
0805.3456	predicted	4	limitations: the communication graph is often assumed to be complete (or all-to-all), but in the absence of communication, the time-evolution of the systems' variables can be oscillatory or even chaotic.	limitation	0.99	The sentence explicitly states a limitation regarding the assumption of a complete communication graph and its effects.		
0805.3456	predicted	5	The system dynamics can be modified through the information exchange, and, as in the consensus problem, the goal of the interconnection is to reach synchronization to a common solution of the individual dynamics {{cite:8e3157379ef855482fcaf37fe9405ef51457a194}}, {{cite:684dc66e7d4a0631af50bd0baaeacb3bded11a07}}, {{cite:f2645858041eedb262e8cf7c96110637549c6792}}, {{cite:a21a35419d06741d5fa243f5c23f57f052b23620}}.	none	0.95	This sentence describes the system dynamics and goals, not a limitation or future work.		
0805.3456	predicted	6	Coordination problems encountered in the engineering world can often be rephrased as consensus or synchronization problems in which both the individual dynamics and the limited communication aspects play an important role.	none	0.95	This sentence provides context about coordination problems, not a limitation or future work.		
0805.3456	predicted	7	Designing interconnection control laws that can ensure synchronization of relevant variables is therefore a control problem that has attracted quite some attention in the recent years {{cite:3377176d8288814ff87c2dcfec20886d46780b65}}, {{cite:eb37f7114d6e7372c9c8d3c28bb100b08549eba5}}, {{cite:ae1621740a416c2873da35e86d33235d86024dc4}}, {{cite:032e7777248339fbdefded6f736f9ef54ceaf1f0}}, {{cite:fddc190ba04b15335e89d3e7f9f53df5b14d3eec}}.	none	0.95	This sentence describes the interest in designing interconnection control laws, not a limitation or future work.		
0805.3456	predicted	8	The present paper deals with a fairly general solution of the synchronization problem in the linear case.	none	0.95	This sentence describes the scope of the paper, not a limitation or future work.		
0805.3456	predicted	9	Assuming {{formula:736e8374-8f6f-4274-9cc6-d310fe71f3fa}} identical individual agents dynamics each described by the linear state-space model {{formula:2e1c1824-d387-447b-98b6-5f6625e21191}} , the main result is the construction of a dynamic output feedback controller that ensures exponential synchronization to a solution of the linear system {{formula:11890e3c-ed7f-4568-907c-9bbb4a824b68}} under the following assumptions: (i) {{formula:7a4cf05b-7fe9-4241-bd9f-c1b2f0d07340}} has no exponentially unstable mode, (ii) {{formula:69adb29b-ffa1-4408-889e-ae47c6506ba6}} is stabilizable and {{formula:7ada616a-9eb7-4725-9f61-896962265488}} is detectable, and (iii) the communication graph is uniformly connected.	none	0.95	This sentence describes the main result and assumptions, not a limitation or future work.		
0805.3456	predicted	10	The result can be interpreted as a generalization of classical consensus algorithms, studied recently, corresponding to the particular case {{formula:b2c34407-09b6-4eb9-8873-58057cc5291b}} {{cite:0611b2b233fdc26e63788eca79cf783b27bc1c4b}}, {{cite:dffa2ea9c3c6665ef5522c572c54d2f0cecb647c}}.	none	0.95	This sentence interprets the result as a generalization, not a limitation or future work.		
0805.3456	predicted	11	The generalization includes the non-trivial examples of synchronizing harmonic oscillators or chains of integrators.	none	0.95	This sentence describes examples included in the generalization, not a limitation or future work.		
0805.3456	predicted	12	The proposed dynamic controller structure proposed in this paper differs from the static diffusive coupling often considered in the synchronization literature, which requires more stringent assumptions on the communication graph.	none	0.95	This sentence contrasts the proposed controller with existing methods, not a limitation or future work.		
0805.3456	predicted	13	For instance, the results in the recent paper {{cite:c1e1ffa3ebab1a8473177d4fd4cce2b7b0e7b4ff}} assume a time-invariant topology.	none	0.95	This sentence references results from another paper, not a limitation or future work.		
0805.3456	predicted	14	The paper also provides sufficient conditions for synchronization by static diffusive coupling and illustrates on simple examples that synchronization may fail under diffusive coupling when the stronger assumptions on the communication graph are not satisfied.	none	0.95	This sentence describes the paper's contributions regarding static diffusive coupling, not a limitation or future work.		
0805.3456	predicted	15	The paper is organized as follows.	none	0.95	This sentence describes the organization of the paper, not a limitation or future work.		
0805.3456	predicted	16	In Section the notation used throughout the paper is summarized, some preliminary results are reviewed and the synchronization problem is introduced and defined.	none	0.95	This sentence describes the content of a section, not a limitation or future work.		
0805.3456	predicted	17	In Section the linear case is studied when state coupling among the systems is allowed while in Section the output coupling case is considered.	none	0.95	This sentence describes the content of sections, not a limitation or future work.		
0805.3456	predicted	18	In Section we extend the main results to discrete-time linear systems and to periodic time-varying linear systems.	none	0.95	This sentence describes the extension of results to different systems, not a limitation or future work.		
0805.3456	predicted	19	Finally, in Section , two-dimensional examples are reported to illustrate the role of the proposed dynamic controller in situations where static diffusive coupling fails to achieve synchronization.	none	0.95	This sentence describes examples used to illustrate results, not a limitation or future work.		
0805.3456	predicted	20	Throughout the paper we will use the following notation.	none	0.95	This sentence describes notation used in the paper, not a limitation or future work.		
0805.3456	predicted	21	Given {{formula:eca8bab2-91d3-4a0a-98f2-86ce9ccc74e0}} vectors {{formula:3246f888-6af1-4855-b451-b2748267d7a0}} we indicate with {{formula:2fbeaddc-9dc4-4f59-9b39-f23e55a4da5b}} the stacking of the vectors, i.e. {{formula:83541711-83a4-4393-a495-8c6f52ec7516}} .	none	0.95	This sentence describes notation related to vectors, not a limitation or future work.		
0805.3456	predicted	22	We denote with {{formula:dbfe2ee1-516e-4022-8d3a-8bddb1d14b26}} the diagonal matrix of dimension {{formula:f6ae3f12-0018-4918-8df7-9a45ffb94d16}} and we define {{formula:919ba086-a977-4aff-89da-1d0ce865910e}} .	none	0.95	This sentence describes notation related to matrices, not a limitation or future work.		
0805.3456	predicted	23	Given two matrices {{formula:bfdfb92c-89cc-4e3b-8233-5f001e6fe190}} and {{formula:c2dd4470-d7ac-4f3b-b842-e16eaaf2362c}} we denote their Kronecker product with {{formula:06b401a2-f9ec-4cbe-b662-636ac4b27034}} .	none	0.95	This sentence describes notation related to the Kronecker product, not a limitation or future work.		
0805.3456	predicted	24	For notational convenience, we use the convention {{formula:756de204-cbe1-4ab7-b493-d41875faf7ac}} and {{formula:1c914689-bab2-4f91-9ab7-dc3d650f1f15}} .	none	0.95	This sentence describes a notational convention, not a limitation or future work.		
0805.3456	predicted	25	We recall some properties of the Kronecker product that will be used throughout the paper {{formula:34564f2e-0889-4d9f-83c7-11e607a014f0}} where {{formula:88cce9cc-39d7-4416-9fd1-ff97a8cd850c}} .	none	0.95	This sentence recalls properties of the Kronecker product, not a limitation or future work.		
0805.3456	predicted	26	Given a set of interconnected systems the communication topology is encoded through a communication graph.	none	0.95	This sentence describes the communication topology, not a limitation or future work.		
0805.3456	predicted	27	The convention is that system {{formula:76e7a1bc-bc25-40bb-a236-7ee3689c5bf5}} receives information from system {{formula:2a00fccd-bea9-4683-aad2-53c194d8b654}} iff there is a directed link from node {{formula:1c3b9429-9d51-4100-a0ec-f0a65084d5b5}} to node {{formula:166d4e66-7a22-4265-9875-2365da1bc15e}} in the communication graph.	none	0.95	This sentence describes a convention related to communication graphs, not a limitation or future work.		
0805.3456	predicted	28	Let {{formula:de29ee09-3c25-4ea0-9140-4f61b4f1bd3d}} be a time-varying weighted digraph (directed graph) where {{formula:fb6f5962-cddb-4d00-bec2-ba61defb8daf}} is the set of nodes, {{formula:c542378c-3e41-45de-9ae9-3dc983bae016}} is the set of edges, and {{formula:ab0c7f79-4c0e-45c2-b9d6-c1eef7cbcd7a}} is a weighted adjacency matrix with nonnegative elements {{formula:d2656bb3-1859-4202-9dc3-f1296fd6db13}} .	none	0.95	This sentence describes a time-varying digraph, not a limitation or future work.		
0805.3456	predicted	29	In the following we assume that {{formula:497fd8a1-25f6-4f56-9a3d-8271f91962ae}} is piece-wise continuous and bounded and {{formula:2dcfed46-0c62-4187-8570-a80d97941604}} for some finite scalars {{formula:53b4f940-4f45-45d8-a2a7-56841d1ebe3b}} and for all {{formula:429310ac-db72-4436-b313-f29fcdd3c677}} .	none	0.95	This sentence describes assumptions about a digraph, not a limitation or future work.		
0805.3456	predicted	30	Furthermore {{formula:fb36b3cd-612b-493b-bc50-3eca7387adb5}} if and only if {{formula:f28c7992-978e-4721-a46a-217d7d2df4b4}} .	none	0.95	This sentence describes a condition related to matrices, not a limitation or future work.		
0805.3456	predicted	31	The set of neighbors of node {{formula:08e0199a-cece-468c-93a2-2544d2e1cecb}} at time {{formula:d4698ca3-67c5-4cf7-a1fd-736a9ce232ee}} is denoted by {{formula:c1fd2108-0f1c-4002-81f4-9dabc20bf2fa}} .	none	0.95	This sentence describes notation related to neighbors in a graph, not a limitation or future work.		
0805.3456	predicted	32	A path is a sequence of vertices such that for each of its vertices {{formula:5d9824d8-6be8-4f7c-acce-1873de896821}} the next vertex in the sequence is a neighbor of {{formula:55c99f3f-750b-44d6-a726-836a056040dd}} .	none	0.95	This sentence describes the concept of a path in a graph, not a limitation or future work.		
0805.3456	predicted	33	Assume that there are no self-cycles i.e. {{formula:5e4f68c1-6b66-487e-8349-53f42bf61437}} , and for any {{formula:9ee175a4-0cf9-47d3-a0d0-5b1c10121992}} .	none	0.95	This sentence describes an assumption about self-cycles, not a limitation or future work.		
0805.3456	predicted	34	The Laplacian matrix {{formula:8aecd51c-cfc0-4b10-bcdb-52054629e694}} associated to the graph {{formula:b0dc85f3-90f9-492b-bd2e-2577c3f7bfbf}} is defined as {{formula:e368508f-afff-4f1b-b5ba-ce4ebb450dd1}} The in-degree (respectively out-degree) of node {{formula:1d5dfa74-5419-4303-ba1b-92de1fee94d7}} is defined as {{formula:4e0698b3-372f-4c3c-84f0-a2d5ac65c829}} (respectively {{formula:34af9b97-a7d9-4224-bf23-c74fdfe60a7f}} ).	none	0.95	This sentence describes the definition of a Laplacian matrix, not a limitation or future work.		
0805.3456	predicted	35	The digraph {{formula:c44744e7-5a9a-4f93-a417-7f0107d8eba2}} is said to be balanced at time {{formula:87fa1f7b-260c-4130-9832-88f9bbe0e8a6}} if the in-degree and the out-degree of each node are equal, that is, {{formula:4f2445a0-eeb4-4864-b8c2-0c38d4cc35a8}} Balanced graphs have the particular property that the symmetric part of their Laplacian matrix is nonnegative: {{formula:4f3a7678-44b8-4b09-ab21-7293c78bf7d6}} {{cite:4b4d80defc35d17df135e97f6282d248d9718358}}.	none	0.95	This sentence describes the concept of a balanced digraph, not a limitation or future work.		
0805.3456	predicted	36	We recall some definitions that characterize the concept of connectivity for time-varying graphs.	none	0.95	This sentence recalls definitions related to graph connectivity, not a limitation or future work.		
0805.3456	predicted	37	Definition 1 The digraph {{formula:ba1e29c8-66b2-4a84-8686-fb4320b7ab68}} is connected at time {{formula:513ba339-69c2-4100-8260-4d24725dd7ce}} if there exists a node {{formula:15817a75-3547-4cc7-ad27-8b6144787d20}} such that all the other nodes of the graph are connected to {{formula:1de5150c-7eee-4185-bfee-b8fa4eba5472}} via a path that follows the direction of the edges of the digraph.	none	0.95	This sentence describes the definition of a connected digraph, not a limitation or future work.		
0805.3456	predicted	38	Definition 2 Consider a graph {{formula:8b893c24-5f63-47c1-9dfd-d94f6a617313}} .	none	0.95	This sentence introduces a graph definition, not a limitation or future work.		
0805.3456	predicted	39	A node {{formula:9536a0dd-6181-4f8b-9d16-48fd70531e8f}} is said to be connected to node {{formula:6ba49525-164b-454e-b60a-30cba22fb8c4}} ({{formula:54d870e0-64cb-458d-ae1e-14b649a42122}} ) in the interval {{formula:9b4a17be-3024-478f-8e91-159eed4aa09d}} if there is a path from {{formula:74b6aa53-1151-41c5-8476-3884a3e7175d}} to {{formula:b0006868-e1cf-4a11-ace1-d3fafd400f80}} which respects the orientation of the edges for the directed graph {{formula:b885137c-4f59-46ae-ade9-bc09717e9eb9}} .	none	0.95	This sentence describes the concept of node connectivity, not a limitation or future work.		
0805.3456	predicted	40	Definition 3 {{formula:cc3fb936-f3f2-4171-991a-e0070d3b8d25}} is said to be uniformly connected if there exists a time horizon {{formula:6594291e-7d0e-4c33-91e2-702a91eec7f4}} and an index {{formula:db6241d0-4ae1-4fbe-82d4-87bc56243aa0}} such that for all {{formula:46578eb3-b8fe-4c68-baa6-ccc1704774ac}} all the nodes {{formula:dc496c6e-fc77-4d74-b2ec-df2ae0965d92}} ({{formula:9992a1e4-a5f3-452c-b2a3-97f1da8ac3bb}} ) are connected to node {{formula:64eaaf1a-80e9-4438-b0d3-f2bf3b9cbc1b}} across {{formula:bb82f132-7a8b-43c8-8245-8b91729668aa}} .	none	0.95	This sentence describes the definition of uniform connectivity, not a limitation or future work.		
0805.3456	predicted	41	Consider {{formula:5f1dda30-f477-4e22-9866-13ebfaed3ac7}} agents exchanging information about their state vector {{formula:5569e866-8d61-4d69-b5b6-97c221020f83}} , {{formula:9c41c9b5-99c0-4646-bf9f-28e459e7be79}} , according to a communication graph {{formula:f3cdccb3-e2b8-420b-944a-9f471109a59c}}	none	0.95	This sentence describes agents exchanging information, not a limitation or future work.		
0806.2938	gold	0	As we have demonstrated above, different approaches to magnetic degrees of freedom converge to a common and highly non-trivial picture.	none	0.95	This sentence summarizes a finding or conclusion from the paper, not a limitation or future work.		
0806.2938	gold	1	In particular, the dual models {{cite:3dd807e682855f5073210076196a2bf29e5bd9b8}} relate percolation of the magnetic strings to the prediction that they should carry density of the topological charge.	none	0.9	This sentence describes a relationship found in prior work, not a limitation or future work.		
0806.2938	gold	2	The surface operators {{cite:c5aa06e43ea80edae0ed2b80599f26c1330c658a}} provide us with an adequate construct to describe such surfaces endowed with both gauge fields and their duals.	none	0.9	This sentence describes a method or tool used in the research, not a limitation or future work.		
0806.2938	gold	3	On the lattice, one does observe percolating surfaces, with tension in physical units and endowed with topological charge.	none	0.9	This sentence reports an observation from the research, not a limitation or future work.		
0806.2938	gold	4	In this note we emphasized that the monopole mechanism of confinement, whatever it means in detail, assumes significant role to be played by singular non-Abelian fields.	none	0.85	This sentence discusses the role of a mechanism in the research, not a limitation or future work.		
0806.2938	gold	5	Indeed, 'electric' degrees of freedom are introduced directly in the Lagrangian, while 'magnetic degrees of freedom' are emerging through violations of Bianchi identities.	none	0.85	This sentence explains a concept related to the research, not a limitation or future work.		
0806.2938	gold	6	Hence magnetic degrees of freedom are associated with singular fields.	none	0.85	This sentence provides a conclusion about magnetic degrees of freedom, not a limitation or future work.		
0806.2938	gold	7	The construction is well understood and known since long {{cite:a44616aff4062335e39e1da9b50099b58cb9124f}} in the Abelian case.	none	0.9	This sentence references established knowledge, not a limitation or future work.		
0806.2938	gold	8	One can either start with a gauge field plus a scalar, Higgs field, or one can start with pure gauge field but admit singular field configurations, monopoles.	none	0.9	This sentence describes methodological options, not a limitation or future work.		
0806.2938	gold	9	Then these singular fields, or defects can be traded for a scalar field and one comes back to an effective Higgs-like formulation.	none	0.9	This sentence describes a methodological transformation, not a limitation or future work.		
0806.2938	gold	10	In the non-Abelian case monopoles, or 1d defects do not match the group structure {{cite:e86ca0cbb7c1500de3def195457c9355a62458b7}}, {{cite:81d53e3a9ed3da25c04c6033b98a5270a6afb4f3}}.	none	0.9	This sentence describes a mismatch in group structure, not a limitation or future work.		
0806.2938	gold	11	Instead, one should look for classification of singular fields consistent with the non-Abelian symmetry.	none	0.9	This sentence suggests a direction for classification, but does not commit to future work.		
0806.2938	gold	12	As is argued in fact recently {{cite:c5aa06e43ea80edae0ed2b80599f26c1330c658a}} such defects are 2d dimensional surfaces with non-Abelian fields living on them.	none	0.9	This sentence describes a recent argument or finding, not a limitation or future work.		
0806.2938	gold	13	In other words, the surfaces are endowed with densities of action and of topological charge.	none	0.9	This sentence explains a concept related to the research, not a limitation or future work.		
0806.2938	gold	14	We argued that such surfaces can be profiled by 1d defects, or non-Abelian monopoles, whose field is not spherically symmetric but rather line-like.	none	0.9	This sentence describes a theoretical argument, not a limitation or future work.		
0806.2938	gold	15	For the defects to become dynamical degrees of freedom there should be a fine tuning which allows infrared and ultraviolet scales to coexist.	limitation	0.95	This sentence identifies a requirement for fine tuning, indicating a limitation in the current understanding or implementation.		
0806.2938	gold	16	Such fine tuning is well understood in the Abelian case, (see Eq. (REF )).	none	0.9	This sentence describes understanding in the Abelian case, not a limitation or future work.		
0806.2938	gold	17	A central point: for the dual-superconductor mechanism of confinement to be relevant, similar fine tuning should be realized in the non-Abelian case as well.	limitation	0.95	This sentence identifies a requirement for fine tuning in the non-Abelian case, indicating a limitation.		
0806.2938	gold	18	This time, however, it is self-tuning between the action and entropy of the 2d surfaces.	none	0.9	This sentence describes a concept related to fine tuning, not a limitation or future work.		
0806.2938	gold	19	No explicit form of the fine tuning is known theoretically but coexistence of the two scale is seen in the lattice simulations.	limitation	0.95	This sentence states that no explicit form of fine tuning is known, indicating a limitation.		
0806.2938	gold	20	Also, there should be consistency between dynamics in four dimensions, or of the original Yang-Mills fields and dynamics on the defects world-sheet.	limitation	0.95	This sentence identifies a need for consistency, indicating a limitation in the current understanding.		
0806.2938	gold	21	Let us conclude with an example of such a consistency check.	none	0.9	This sentence introduces an example, not a limitation or future work.		
0806.2938	gold	22	For dynamics of a particle (or 1d defect) to be in fact independent on the ultraviolet scale the action associated with the 'monopoles' should be approximately {{formula:91b95a3b-bc67-490e-b6cf-f6899af3b929}} see Eq. (REF ).	none	0.9	This sentence describes a condition for dynamics, not a limitation or future work.		
0806.2938	gold	23	And this has been checked on the lattice {{cite:413a26e8015522e476bfb548de5c35df3fa878d4}}.	none	0.9	This sentence reports a check that has been performed, not a limitation or future work.		
0806.2938	gold	24	On the other hand, the radiative mass (REF ) is associated now with the non-Abelian fields which live not in the bulk but on the world-sheet (see discussion above).	none	0.9	This sentence describes an association with non-Abelian fields, not a limitation or future work.		
0806.2938	gold	25	Which seems to be also true on the lattice, for references and review see {{cite:52306a6f3f8d2b4ad6d3684e31ae66036b171545}}.	none	0.9	This sentence reports an observation from the lattice, not a limitation or future work.		
0806.2938	gold	26	The condition (REF ) replaces the quantization condition for the magnetic field in case of the non-Abelian monopoles living on the surfaces.	none	0.9	This sentence describes a condition replacement, not a limitation or future work.		
0806.2938	predicted	27	surfaces become dynamical and condense in the vacuum in the confining phase so that there is a net of surfaces endowed with fields living on them.	none	0.9	This sentence describes a theoretical picture, not a limitation or future work.		
0806.2938	predicted	28	The picture is similar to condensation of the Polyakov's lines in the deconfinement phase.	none	0.9	This sentence describes a similarity to another phenomenon, not a limitation or future work.		
0807.1134	gold	0	In previous papers, we have described limitations to multiannulus {{cite:dbd08c168ea882680d2bf1375a891430f3b54119}}, {{cite:8c63e70eaf872a2de8010a0826e05b4630c96625}} and single annulus {{cite:2ee1f5fbb05af202d278638441fba201dd7de042}} coagulation calculations.	none	0.9	This sentence describes previous work and does not state a limitation, future work, or open problem.		
0807.1134	both	1	Here, we review how several of these limitations affect results for the simulations described above.	none	0.85	This sentence indicates a review of limitations but does not itself state a limitation or future work.		
0807.1134	gold	2	As long as the statistical assumptions underlying the formalism are met, coagulation calculations provide a reasonable representation of real collision evolution {{cite:5236f64017cd2f1c1db97fb6ec2df7ae8ea463d8}}, {{cite:2c64bf6c69e65cb2071f345755326f7896f1aad9}}, {{cite:dd0e5aa3e6d0aa096049e9843835c0f7712906ba}}, {{cite:a2ed2e2f74c181b1efd0087c9b099d945eb86008}}, {{cite:ef113e1b2a6ed7224b5a09878eac5b9dfb8ee795}}, {{cite:b093907d4a3cb5b9dff5174e7820be0800b942b5}}, {{cite:e05b94b0abb0e87284463403d1e211fddb97a564}}, {{cite:c46d22644756616786816ff8243f85a3ef116ca1}}, {{cite:ce9f8737a1f81a7e452b2d91c706364bba394ee4}}, {{cite:2ee1f5fbb05af202d278638441fba201dd7de042}}, {{cite:33dddbfee7450dac3fbefd374b8812b721c5c482}}.	none	0.9	This sentence provides context about the validity of coagulation calculations and does not state a limitation or future work.		
0807.1134	gold	3	For calculations at 30–150 AU around 1–3 M{{formula:bbc857ae-465e-439d-b410-ab04ee1aba90}} stars, the spacing of mass bins in an annulus and the spacing of annuli in the disk limit the accuracy of the results.	limitation	0.95	This sentence explicitly states a limitation regarding the accuracy of results due to the spacing of mass bins and annuli.		
0807.1134	gold	4	Our standard mass spacing, {{formula:70fc209f-d068-432c-b33c-7b139dface75}} , lengthens the evolution time by 10% to 20% relative to more accurate calculations with {{formula:257ac13a-028c-45b4-bbfb-2acd3023d202}} 1.4 {{cite:2ee1f5fbb05af202d278638441fba201dd7de042}}.	limitation	0.95	This sentence describes a limitation related to mass spacing affecting evolution time.		
0807.1134	gold	5	The radial resolution, {{formula:50ffe053-2d66-4894-b232-762e76852b57}} = 0.025, also lengthens the evolution time.	limitation	0.95	This sentence describes a limitation related to radial resolution affecting evolution time.		
0807.1134	gold	6	Compared to calculations described in {{cite:34b2cc4693695ca9f2a682d190e35e7ab035e5d5}}, improvements in our treatment of interactions among particles in neighboring annuli reduce lags by a factor of two, from {{formula:120b00dc-7c7d-489a-a616-7bc9090105e7}} 20% to {{formula:08a08372-60a3-413c-84e4-1c539fc1d85f}} 10%.	none	0.85	This sentence describes an improvement in the method, not a limitation or future work.		
0807.1134	gold	7	Combining the lags for mass spacing and radial resolution, our evolution timescales are {{formula:f02c34c8-781d-4e41-b7a2-cfc29235d6dd}} 20% to 30% longer than the actual evolution times.	limitation	0.9	This sentence describes a limitation regarding the combined effect of lags on evolution timescales.		
0807.1134	gold	8	This lag is comparable to the dispersion in timescales derived from multiple calculations with identical starting conditions.	none	0.85	This sentence provides context about the lag but does not state a limitation or future work.		
0807.1134	gold	9	Thus, improvements in resolution are unlikely to alter our results significantly.	none	0.85	This sentence concludes that improvements are unlikely to alter results, not stating a limitation or future work.		
0807.1134	predicted	10	{{cite:dbd08c168ea882680d2bf1375a891430f3b54119}}, {{cite:8c63e70eaf872a2de8010a0826e05b4630c96625}} and single annulus {{cite:2ee1f5fbb05af202d278638441fba201dd7de042}} coagulation calculations.	none	0.8	This sentence is a citation and does not state a limitation, future work, or open problem.		
0807.1134	predicted	11	planetesimal disk, we quote several simple relations for the amount of solid material in small and large objects as a function of initial disk mass and semimajor axis for the ensemble of calculations around a 1 M{{formula:313f121d-2982-4157-83d6-5f83ebe7821c}} star.	none	0.85	This sentence describes results and does not state a limitation or future work.		
0807.1134	predicted	12	At 3–10 Gyr, the median fraction of solids remaining in the disk is {{formula:4cce0122-4561-4764-ae14-ff9e2782896c}} For a MMSN with {{formula:57fde123-912f-464e-946d-77ab6f7c4237}} = 1, the amount of mass remaining in the disk at 3–10 Gyr ranges from 9% of the initial mass at 30 AU to roughly 50% of the initial mass at 150 AU.	none	0.85	This sentence describes results and does not state a limitation or future work.		
0807.1134	predicted	13	Thus, the inner disk is substantially depleted, while the outer disk contains a significant fraction of its initial mass.	none	0.85	This sentence describes results and does not state a limitation or future work.		
0807.1134	predicted	14	For each {{formula:87f59a58-38bb-4422-a4dd-e0eb964859ce}} , the median fraction of the initial disk mass in 1000 km and larger objects is {{formula:f6cbe8e6-0936-4402-a546-2a4e2f2037ef}} The median fraction of the mass in 100 km and larger objects is roughly 50% larger, {{formula:127404eb-1322-4478-975c-74c82bd52a10}}	none	0.85	This sentence describes results and does not state a limitation or future work.		
0807.0023	gold	0	This paper has provided a preliminary exploration of metadata generation in terms of metadata property propagation within an associative network of repository resources.	none	0.95	This sentence describes the contribution of the paper, not a limitation or future work.		
0807.0023	gold	1	Further research in this area may prove useful for other network types such as those generated from other metadata properties.	future_work	0.95	The sentence suggests further research in the area, indicating future work.		
0807.0023	gold	2	For instance, it may be of interest to study the effect of this algorithm on usage networks {{cite:468a23a878b132724286a69804c9d8374e3227f1}}.	future_work	0.9	The sentence proposes a specific area of interest for future study, indicating future work.		
0807.0023	gold	3	Usage metadata, unlike citation and journal metadata, is applicable to every accessible resource.	none	0.9	This sentence provides context about usage metadata, not a limitation or future work.		
0807.0023	gold	4	It would be interesting to see what co-usage means for a particular genera of resources by determining which metadata properties these networks are best at propagating.	future_work	0.95	The sentence expresses interest in exploring a specific aspect, indicating future work.		
0807.0023	gold	5	A variety of propagation algorithms may also be explored.	future_work	0.9	The sentence suggests exploring different propagation algorithms, indicating future work.		
0807.0023	gold	6	It is assumed that a particle will take only edges of a particular {{formula:69034a93-9efc-465a-822a-5a926b5ed2be}} type for the duration of their life-span.	none	0.9	This sentence describes an assumption in the methodology, not a limitation or future work.		
0807.0023	gold	7	Different path types might be an important aspect of increasing the precision and recall performance of this method.	open_problem	0.9	The sentence suggests an unresolved aspect that might improve performance, indicating an open problem.		
0807.0023	gold	8	For instance, keyword metadata that first propagates over co-authorship edges and then over co-citation edges might provide better results.	none	0.9	This sentence provides an example of a method, not a limitation or future work.		
0807.0023	gold	9	Methods to implement such propagation algorithms have been presented in {{cite:0fc36c236f0c23307785f02f30afb7c963cc9968}}, {{cite:ac83c19a43bc3812eb92d333a562fe90717a74f2}}.	none	0.9	This sentence cites prior work on propagation algorithms, not a limitation or future work.		
0807.0023	gold	10	Also, different edge types can be merged such that all co-keyword and co-authorship edges are collapsed to form a single edge.	none	0.9	This sentence describes a method of merging edge types, not a limitation or future work.		
0807.0023	gold	11	What has been presented in this study is the results of this algorithm without the intervention of any human components (besides the initial creation of metadata through the hep-th dataset creation process).	limitation	0.95	The sentence describes a limitation of the study, specifically the lack of human intervention.		
0807.0023	both	12	"Future work that studies this method with the inclusion of humans that help to validate and “clean"" the recommended metadata would be telling of how much this method is able to speed up the process of generating accurate and reliable metadata for metadata-poor resources."	future_work	0.95	The sentence suggests future work involving human validation, indicating future work.		
0807.0023	both	13	Such an analysis is left to future research.	future_work	0.95	The sentence explicitly states that an analysis is left to future research, indicating future work.		
0807.0023	both	14	Finally, multiplicative effects due to particle interaction may effect the results of the algorithm.	open_problem	0.9	The sentence suggests an unresolved issue regarding particle interaction effects, indicating an open problem.		
0807.0023	both	15	For instance, if two particles, {{formula:259b42d2-baa5-450b-b757-10dec3ad9808}} and {{formula:6bc0533a-75fe-4e38-811f-39afda2f9096}} , meet at a particular node, {{formula:ce269697-9b00-45cc-853f-a1ecda243696}} , and {{formula:b85f1c22-1d44-44b3-ae8c-cc1e2f6946f8}} and {{formula:ad79b342-7582-4f30-9ed8-c6bf27d05b3a}} have similar metadata then the footprint they leave at {{formula:eabf6d95-a9d8-4b7e-a89b-774502603579}} should be more noticeable.	none	0.9	This sentence provides an example related to the previous sentence, not a limitation or future work.		
0807.0023	both	16	Because two different metadata sources are supplying the same property values, there is an increased probability of that recommended metadata value being correct.	none	0.9	This sentence explains a concept related to metadata sources, not a limitation or future work.		
0807.0023	both	17	Currently, only a summation is being provided.	limitation	0.95	The sentence describes a limitation of the current method, specifically that only a summation is provided.		
0807.0023	both	18	It may be interesting to multiply this summation by the number of unique particles that provided energy for a particular recommended metadata value.	future_work	0.95	The sentence suggests a potential modification to the method, indicating future work.		
0807.0023	both	19	The variations of this preliminary framework will be explored in future work.	future_work	0.95	The sentence states that variations of the framework will be explored in future work, indicating future work.		
0807.0023	predicted	20	Automatic metadata generation is becoming an increasingly important field of research as digital library repositories become more prevalent and move into the arena of less strongly controlled, decentralized collections (e.g. arXiv and CiteSeer).	none	0.9	This sentence provides background on the importance of metadata generation, not a limitation or future work.		
0807.0023	predicted	21	The creation and maintenance of high-quality, detailed metadata is hampered on numerous levels.	none	0.9	This sentence describes a challenge in metadata creation, not a limitation or future work.		
0807.0023	predicted	22	Manual metadata creation methods are costly.	none	0.9	This sentence describes a drawback of manual metadata creation, not a limitation or future work.		
0807.0023	predicted	23	"Recent efforts to leverage the collective power of social tagging (i.e. “folksonomies"") may address some of the shortcomings of the manual creation of metadata and result in viable models for online resources that do not require strongly controlled vocabularies and metadata ontologies."	none	0.9	This sentence describes recent efforts in metadata creation, not a limitation or future work.		
0807.0023	predicted	24	"However, it is doubtful that “folksonomies"" can be generalized to situations that require vetted, well-standardized metadata."	none	0.9	This sentence expresses doubt about the generalizability of folksonomies, not a limitation or future work.		
0807.0023	predicted	25	The automated creation of metadata on the basis of content-analysis is a promising alternative to the manual creation of metadata.	none	0.9	This sentence describes an alternative method for metadata creation, not a limitation or future work.		
0807.0023	predicted	26	It is conceivably more efficient in situations where textual data is available and allows for more formal control of the type and nature of metadata that is extracted.	none	0.9	This sentence describes the efficiency of content-analysis based metadata creation, not a limitation or future work.		
0807.0023	predicted	27	However, it can be unreliable for non-text resources, yield low-quality metadata and can be computationally expensive.	limitation	0.95	The sentence describes limitations of automated metadata creation, specifically for non-text resources.		
0807.0023	predicted	28	This article proposed another possible component of the metadata generation toolkit which may complement and support the above mentioned approaches.	none	0.9	This sentence describes the contribution of the paper, not a limitation or future work.		
0807.0023	predicted	29	Instead of creating new metadata, metadata is propagated from a metadata-rich subset of the collection to similar, but metadata-poor subsets.	none	0.9	This sentence describes the method proposed in the paper, not a limitation or future work.		
0807.0023	predicted	30	The substrate for this extrapolation is an associative network of resource relations created from other available metadata.	none	0.9	This sentence describes the substrate for metadata propagation, not a limitation or future work.		
0807.0023	predicted	31	Metadata propagation may provide a computationally feasible means of generating large amounts of metadata for heterogeneous resources which can later be fine-tuned by manual intervention or cross-validation with content-based methods.	none	0.9	This sentence describes the potential of metadata propagation, not a limitation or future work.		
0807.0023	predicted	32	The article finally provided experimental results using the High-Energy Physics bibliographic data set (hep-th 2003).	none	0.9	This sentence describes the experimental results presented in the paper, not a limitation or future work.		
0807.0023	predicted	33	Human intervention may play an important role in fine-tuning the metadata propagation algorithm.	none	0.9	This sentence suggests a role for human intervention, but does not explicitly state a limitation or future work.		
0807.0023	predicted	34	The results of this experiment are promising and there still exists a range of potential modifications to this basic framework that may lead to even better results.	future_work	0.95	The sentence suggests potential modifications to the framework for better results, indicating future work.		
0807.0023	predicted	35	This research was financially supported by the Research Library at the Los Alamos National Laboratory.	none	0.9	This sentence acknowledges financial support, not a limitation or future work.		
0807.0023	predicted	36	The modified hep-th 2003 bibliographic dataset was generously provided by Shou-de Lin and Jennifer H.	none	0.9	This sentence acknowledges the provision of a dataset, not a limitation or future work.		
0807.0023	predicted	37	Watkins provided editorial assistance.	none	0.9	This sentence acknowledges editorial assistance, not a limitation or future work.		
0807.0023	predicted	38	Finally, the hep-th 2003 database is based on data from the arXiv archive and the Stanford Linear Accelerator Center SPIRES-HEP database provided for the 2003 KDD Cup competition with additional preparation performed by the Knowledge Discovery Laboratory, University of Massachusetts Amherst.	none	0.9	This sentence provides background on the dataset used, not a limitation or future work.		
0808.2057	gold	0	Study the structure of the graph {{formula:3fd1f3fd-6f2b-494c-a68e-b60e5651f84f}} .	none	0.9	This sentence is a directive or suggestion for further analysis, but it does not explicitly state a limitation or future work.		
0808.2057	gold	1	Determine if it belongs to a family of connected graphs arising from {{formula:da7b5e4b-78c4-4614-ba1d-b7fc97bdaef4}} , having an infinite number of members, as it is for the graphs arising from {{formula:c2d33c5b-9b43-423f-a9f8-c0ac37d2bcab}} .	none	0.9	This sentence suggests a potential classification but does not explicitly state a limitation or future work.		
0808.2057	gold	2	Since there is no general classification of weighing matrices, characterizing graphs of Hankel weighing matrices seems to be out of reach.	limitation	0.95	The sentence explicitly states a limitation regarding the general classification of weighing matrices.		
0808.2057	gold	3	This could be however done for graphs of degree 4 and 9, on the basis of present knowledge on {{formula:d4a6afcf-30a2-472b-8737-06b8e9fb234c}} and {{formula:3ebada2b-1957-4fef-bfde-668b53de2673}} (see {{cite:d2b81348ac8204edd98e7fd48d8bb1df5c9ba744}}).	none	0.9	This sentence suggests a possible approach based on current knowledge but does not explicitly state a limitation or future work.		
0808.2057	gold	4	We have seen that there are examples of Hankel weighing matrices which are not anticirculant.	none	0.9	This sentence describes a finding from the study, not a limitation or future work.		
0808.2057	gold	5	A way to study the relation between these matrices and anticirculant ones, would be to prove that the graphs of Hankel weighing matrices are always isomorphic to graphs of {{formula:f1f125b5-a07c-4699-96d3-b7290f902bfa}} , except for some special cases which will include the examples in proposition REF .	future_work	0.95	The sentence outlines a potential method for future exploration, indicating future work.		
0808.2057	gold	6	{{figure:40a0d05d-9172-4b05-8a9d-7c2ecdd1f0cb}} A Hamiltonian cycle in a graph is an ordered set of sequentially adjacent vertices, in which every vertex of the graph appears exactly once.	none	0.9	This sentence provides a definition related to graph theory, not a limitation or future work.		
0808.2057	gold	7	Graphs with Hamiltonian cycles are said to be Hamiltonian.	none	0.9	This sentence provides a definition related to graph theory, not a limitation or future work.		
0808.2057	gold	8	Alspach and Zhang {{cite:23331cfdeb1acc1bf9b321884f681030ecb73bf7}} conjectured that a connected Cayley graph {{formula:2861b017-0d38-45fa-995f-f397d0e45869}} is Hamiltonian whenever {{formula:b41dad51-c21f-4a9f-bf1b-a6f38a52efc4}} is a set of reflections.	none	0.9	This sentence describes a conjecture from prior work, not a limitation or future work.		
0808.2057	gold	9	According to this conjecture, any connected anticirculant graph is Hamiltonian whenever it is loopless.	none	0.9	This sentence describes a conjecture from prior work, not a limitation or future work.		
0808.2057	gold	10	Additionally, Gutin et al. {{cite:277f0406c3fc7217d6eea449d5b4ffc473ba8b53}} conjectured that graphs of unitary matrices are Hamiltonian if connected.	none	0.9	This sentence describes a conjecture from prior work, not a limitation or future work.		
0808.2057	gold	11	According to these conjectures the graphs of Hankel weighing matrices are Hamiltonian if connected.	none	0.9	This sentence describes a conjecture from prior work, not a limitation or future work.		
0808.2057	gold	12	This is the case for the graphs considered here.	none	0.9	This sentence confirms a result related to the study, not a limitation or future work.		
0808.2057	gold	13	In Figure REF are drawn the graphs {{formula:1bb5c92d-9485-4a4f-8aab-5e93c85e4aac}} and {{formula:9c17e54d-f301-4679-9f48-6674a17810f9}} .	none	0.9	This sentence describes a figure in the paper, not a limitation or future work.		
0808.2057	gold	14	The highlighted edges represent Hamiltonian cycles.	none	0.9	This sentence describes a feature of the graphs in the figure, not a limitation or future work.		
0808.2057	gold	15	Perhaps the physical picture that motivates our study could provide some insight toward proving these conjectures.	future_work	0.95	The sentence suggests that the study's motivation could lead to future insights, indicating future work.		
0808.2057	gold	16	We have seen that graphs of the form {{formula:67564a15-6a2b-4b87-aebd-d4329fbe44a8}} are graphs of unitary matrices.	none	0.9	This sentence describes a finding from the study, not a limitation or future work.		
0808.2057	gold	17	The quantum dynamics induced by these matrices is trivial because of symmetry.	none	0.9	This sentence describes a characteristic of the quantum dynamics, not a limitation or future work.		
0808.2057	gold	18	However symmetry can be broken with the action of a diagonal matrix without altering the zero pattern of the unitary.	none	0.9	This sentence describes a method to alter symmetry, not a limitation or future work.		
0808.2057	gold	19	This suggests the possibility of constructing unitaries with a nontrivial dynamics whose graph is a undirected Cayley graph of the dihedral group.	none	0.9	This sentence suggests a possibility based on findings, not a limitation or future work.		
0808.2057	gold	20	Sections and make extensive use of the following trick.	none	0.9	This sentence describes a methodological trick used in the paper, not a limitation or future work.		
0808.2057	gold	21	Begin with a circulant weighing matrix, then reverse the columns.	none	0.9	This sentence describes a methodological trick used in the paper, not a limitation or future work.		
0808.2057	gold	22	If the resulting graph has loops, one can create a loopless graph by the “interlacing” trick.	none	0.9	This sentence describes a methodological trick used in the paper, not a limitation or future work.		
0808.2057	gold	23	In fact the interlaced graph will again be connected if the original graph was connected but not bipartite.	none	0.9	This sentence describes a methodological trick used in the paper, not a limitation or future work.		
0808.2057	gold	24	Can one classify the Hankel and anticirculant weighing matrices which cannot be obtained by this trick?	open_problem	0.95	The sentence poses a question about classification without indicating that the authors will address it, making it an open problem.		
0808.2057	predicted	25	open problems in S:openproblems, and conclude in S:conc.	none	0.9	This sentence refers to sections of the paper, not a limitation or future work.		
0808.2057	predicted	26	In this section we outline the physics that naturally leads us to consider Hankel hollow weighing matrices.	none	0.9	This sentence outlines the motivation for the study, not a limitation or future work.		
0808.2057	predicted	27	For a more detailed discussion of the physics, see {{cite:4efe9dd016c2d263d418ae82099bd3cb8553ffa5}}, {{cite:56dc7cfcdebe51a8579d1e2db4a3600c1194d8fc}}, {{cite:3dd411ffa58524ec957504450bf4b0ff7688bc5d}}, {{cite:d056802759dcadf80d8c2aabd03c3bbbca179c4e}}.	none	0.9	This sentence refers to citations for further discussion, not a limitation or future work.		
0808.2057	predicted	28	The resonant frequencies of an optical cavity are defined classically as the modes which constructively interfere inside the cavity.	none	0.9	This sentence describes a concept related to optical cavities, not a limitation or future work.		
0808.2057	predicted	29	Because they are evenly spaced, they form a so-called a frequency comb.	none	0.9	This sentence describes a concept related to optical cavities, not a limitation or future work.		
0808.2057	predicted	30	By placing a nonlinear medium inside the cavity, pump photons with frequency {{formula:06b8e4e9-9b60-4670-b38c-e6013b9642d0}} can downconvert into an entangled pair of photons, so long as the new photons' frequencies satisfy an energy conservation constraint, {{formula:61cb8668-cc6b-4cf4-af1c-cf318a8d881b}} where {{formula:8b83cce0-ff5e-48e7-9065-5462f97f3907}} and {{formula:4755ab92-e065-4513-a956-6907db8209d5}} are the {{formula:79e084d4-6c58-4a3d-b2a1-bf3b3d81c0ab}} and {{formula:db9c4c31-a13b-4e00-8f19-f4768563d908}} resonant frequencies of the cavity.	none	0.9	This sentence describes a process related to optical cavities, not a limitation or future work.		
0808.2057	predicted	31	The range over which the downconversion can occur is limited by the phasematching bandwidth of the cavity.	limitation	0.95	The sentence describes a limitation related to the phasematching bandwidth of the cavity.		
0808.2057	predicted	32	More generally, multiple frequencies can be simultaneously phasematched inside the cavity, and upconversion is allowed as well as downconversion.	none	0.9	This sentence describes a process related to optical cavities, not a limitation or future work.		
0808.2057	predicted	33	The total Hamiltonian is then idealized by the following {{formula:5b7ef421-5039-436f-a14a-14c9017e8c47}} where {{formula:579ff936-9bd1-4d48-9076-5d75f051ab3a}} is the (discrete) spectrum of the polychromatic pump, {{formula:850f0442-2a18-4eb0-85a9-3d049fbf2f5c}} is a global coupling strength, {{formula:6e13caad-5aa3-47c8-9685-77681e87ddb9}} is the creation operator for the {{formula:a774e812-555e-401c-b889-ef3e2a7fa628}} mode, and {{formula:1e50ab33-0ad0-4070-a102-ead940c0bfd5}} are matrix elements of a symmetric matrix.	none	0.9	This sentence describes a mathematical model, not a limitation or future work.		
0808.2057	predicted	34	In units of the fundamental frequency of the cavity, the restriction of the inner sum to terms with {{formula:a6bf9071-4f13-44fa-99e2-79c4339b860a}} enforces photon energy conservation, and the magnitude of {{formula:57922dd0-52d9-4d9e-896c-1a1b4f8f55ae}} determines the strength of the coupling in units of {{formula:d7ddafd8-7e1e-42d6-961d-7ba436849013}} , while the sign determines whether the photons are upconverted or downconverted.	none	0.9	This sentence describes a mathematical model, not a limitation or future work.		
0808.2057	predicted	35	If all of the coupling strengths are equal, then {{formula:cc3e5396-b738-46c9-b2b0-cacd97d6e9cd}} is a Hankel matrix whose elements are either 0 or {{formula:467fe22b-4118-4b45-bd52-6adc950dc5a3}} , where {{formula:8dd1188d-07a4-4162-85e9-a12693c4f3e2}} is a constant.	none	0.9	This sentence describes a mathematical model, not a limitation or future work.		
0808.2057	predicted	36	Experimental simplicity further demands that there is no single-mode squeezing and hence we require that the elements along the main diagonal of {{formula:43027b33-de55-40d9-9ce9-8f9bbb8f22d8}} are all zero, i.e. {{formula:0ff48cf1-93f4-4b22-9ba6-2c86a44040fb}} must be a hollow matrix.	none	0.9	This sentence describes a requirement for experimental simplicity, not a limitation or future work.		
0808.2057	predicted	37	The Hamiltonian E:Hamiltonian can be used to create continuous-variable cluster states, defined as Gaussian states satisfying the relation {{formula:c13a3c0b-1ab6-4f74-bad5-d7cb72357953}} where {{formula:37d972ae-2e57-4866-aed6-7da7045feb17}} and {{formula:917705ef-a52f-4b7d-8b60-73ebc739d3e5}} are vectors of amplitude and phase quadratures for the {{formula:f69e45bd-899f-42d6-9514-dda2f7997639}} cavity mode, {{formula:b7e89264-299a-4bac-b7aa-890e2d13e9a0}} and {{formula:76a6c5ab-9706-4a3b-a52a-43a12cfaf220}} , {{formula:d0fc3f01-64d9-45a1-b76d-b4c7bb24c10e}} is the symmetric weighted adjacency matrix of the graph of the CVCS, and the arrow denotes the limit of large squeezing.	none	0.9	This sentence describes a potential application of the Hamiltonian, not a limitation or future work.		
0808.2057	predicted	38	Reference {{cite:56dc7cfcdebe51a8579d1e2db4a3600c1194d8fc}} first proved a nonunique relationship between the adjacency matrix {{formula:65254acd-a00f-40a7-9c56-ff1118aee2ee}} , which describes the cluster state, and the adjacency matrix {{formula:2be4014c-0566-4c10-b14e-5dacd5b33cfb}} , which describes the coupling between the modes inside the cavity.	none	0.9	This sentence describes a finding from prior work, not a limitation or future work.		
0808.2057	predicted	39	The general relationship is somewhat complicated, so references {{cite:3dd411ffa58524ec957504450bf4b0ff7688bc5d}}, {{cite:4efe9dd016c2d263d418ae82099bd3cb8553ffa5}}, {{cite:d056802759dcadf80d8c2aabd03c3bbbca179c4e}} introduced the simplifying ansatz that {{formula:97d162fe-0b8e-41b4-97b6-f1a9bb98d66a}} from which it follows {{cite:3dd411ffa58524ec957504450bf4b0ff7688bc5d}}, {{cite:d056802759dcadf80d8c2aabd03c3bbbca179c4e}} that (up to a trivial relabeling) {{formula:c22842cb-b6de-44f0-9fe3-4f90128bee15}} In short, assuming {{formula:d9219d87-704c-4b1a-87a4-66c929b39fa9}} is an orthogonal matrix implies the graph describing the couplings between photons in the cavity ({{formula:afc3fa8e-4297-4a36-8182-0345fd262ce3}} ) is identical to the graph describing the cluster state ({{formula:2b30f2fc-18b9-45f3-8dd8-a55947fd8bd3}} ), which is a vast simplification over the general relationship.	none	0.9	This sentence describes a simplification introduced in prior work, not a limitation or future work.		
0808.2057	predicted	40	The derivation requires that {{formula:7df42901-2524-4fd2-a9b5-33b8129a0870}} be the adjacency matrix of a bipartite graph, but as we will see, one can derive this from the Hankel and hollow constraints.	none	0.9	This sentence describes a requirement for the derivation, not a limitation or future work.		
0808.2057	predicted	41	We now see how the twin demands of experimental and theoretical simplicity for creating CVCS in an optical cavity naturally lead us to consider Hankel hollow orthogonal matrices, all of whose non-zero elements are either {{formula:f56bc9c3-8b2f-4d8d-9fa9-86fb372f95d5}} , for some constant {{formula:cfbe24b8-6a48-48f6-b142-bcae64e00c9f}} .	none	0.9	This sentence describes the motivation for considering certain matrices, not a limitation or future work.		
0808.2057	predicted	42	We can of course consider renormalized matrices instead by dividing out {{formula:6f510777-bb3c-4198-831b-c20d958b1363}} , so that all entries are {{formula:2045d900-7805-496c-8ac0-131dc2a6e1c8}} ; after finding these renormalized matrices, we can then reintroduce the constant afterwards so that E:Asquared holds.	none	0.9	This sentence describes a methodological approach, not a limitation or future work.		
0808.2057	predicted	43	Thus, we see that finding and classifying Hankel hollow weighing matrices is our primary interest.	none	0.9	This sentence describes the primary interest of the study, not a limitation or future work.		
0808.2057	predicted	44	For completeness, we mention one further elaboration that is possible for this scheme.	none	0.9	This sentence describes a possible elaboration, not a limitation or future work.		
0808.2057	predicted	45	If the photons' polarization, transverse, or spatial degrees of freedom are taken into account, then the Hamiltonian E:Hamiltonian can be modified by adding additional indices for these modes.	none	0.9	This sentence describes a potential modification to the Hamiltonian, not a limitation or future work.		
0808.2057	predicted	46	If these additional modes are all frequency-degenerate, then an additional sum over these degenerate modes appears in E:Hamiltonian, which allows for the symmetric intercoupling between the degenerate degrees of freedom.	none	0.9	This sentence describes a potential modification to the Hamiltonian, not a limitation or future work.		
0808.2057	predicted	47	If such an interaction could be simultaneously phasematched by the nonlinear medium inside the cavity, then one is naturally lead to consider block-Hankel matrices, where the size of the blocks is equal to the number of degenerate degrees of freedom.	none	0.9	This sentence describes a potential modification to the Hamiltonian, not a limitation or future work.		
0808.2057	predicted	48	We leave the consideration of block-Hankel hollow weighing matrices to future work.	future_work	0.95	The sentence explicitly states that the consideration of block-Hankel hollow weighing matrices is left to future work.		
0808.2057	predicted	49	In this section we introduce the definition of anticirculant graphs and study some of their first properties.	none	0.9	This sentence describes the content of a section, not a limitation or future work.		
0808.2057	predicted	50	For the sake of self-containedness, we will define here all the graph-theoretic concepts we require.	none	0.9	This sentence describes the content of a section, not a limitation or future work.		
0808.2057	predicted	51	For further background on theory of graphs the interested reader is referred to the book by Diestel {{cite:24838f6f33b693e443cca46373d1dde0692fc3bd}}.	none	0.9	This sentence provides a reference for further reading, not a limitation or future work.		
0808.2057	predicted	52	Our reference about permutations and finite groups is Cameron {{cite:c4e07fc53a27594c2be294b50923af92574cccf3}}.	none	0.9	This sentence provides a reference for further reading, not a limitation or future work.		
0808.2057	predicted	53	We will work with simple graphs.	none	0.9	This sentence describes the scope of the study, not a limitation or future work.		
0808.2057	predicted	54	A (simple) graph {{formula:4c649e43-0efc-4b81-8e59-7e7f559ea683}} is an ordered pair of sets defined as follows: {{formula:9de57558-cb27-4303-b380-b4e43544c8f8}} is a non-empty set, whose elements are called vertices; {{formula:b30f0d9c-e794-419a-b604-13950e9d87e5}} is a non-empty set of unordered pairs of vertices, whose elements are called edges.	none	0.9	This sentence provides a definition related to graph theory, not a limitation or future work.		
0808.2057	predicted	55	An edge of the form {{formula:25dd71ed-6449-47d0-b532-c29ffb934aa3}} is called a loop.	none	0.9	This sentence provides a definition related to graph theory, not a limitation or future work.		
0808.2057	predicted	56	Two vertices {{formula:10b5f563-17a8-4b31-ab5a-8adbb3c1d38f}} and {{formula:f971293d-3e5b-4ab1-b716-c42354fbca42}} are said to be adjacent if {{formula:d4f1597e-6e44-45cf-9b04-40ca9747e2d1}} .	none	0.9	This sentence provides a definition related to graph theory, not a limitation or future work.		
0808.2057	predicted	57	Often, this is simply denoted by writing {{formula:9625e869-1d8d-4b73-91d7-b2579b755ce5}} .	none	0.9	This sentence provides a definition related to graph theory, not a limitation or future work.		
0808.2057	predicted	58	A graph is loopless if it is has no loops.	none	0.9	This sentence provides a definition related to graph theory, not a limitation or future work.		
0808.2057	predicted	59	The adjacency matrix of a graph {{formula:d566257e-35f5-4ddc-b733-386808d58b05}} is denoted by {{formula:39665e85-baa4-4a47-8ebe-fbcda9bbb7bf}} and defined by {{formula:02303df8-2fba-4303-a5a7-cad246cd509a}} An adjacency matrix of a loopless graph is said to be hollow.	none	0.9	This sentence provides a definition related to graph theory, not a limitation or future work.		
0808.2057	predicted	60	The degree of a vertex {{formula:0b1ba962-4df7-4ff7-9452-2ce42190a263}} in a graph {{formula:0e43c949-8a1e-422e-8d6d-a402b43f2a67}}	none	0.9	This sentence provides a definition related to graph theory, not a limitation or future work.		
0811.2508	gold	0	With several methods for age-dating brown dwarfs over a broad range of phase space now available, opportunities to use these objects as chronometers for various Galactic studies look to be increasingly promising; e.g., age-dating planetary systems, examining cluster age spreads, testing Galactic disk dynamical heating models, and direct measures of the substellar mass function and birthrate in the field and other populations.	none	0.9	This sentence describes the potential applications of age-dating brown dwarfs, which is a contribution claim rather than a limitation or future work.		
0811.2508	gold	1	However, there are areas where improvements in uncertainties are needed and basic assumptions tested.	limitation	0.95	The sentence identifies areas where improvements are needed, indicating a limitation in the current methods or assumptions.		
0811.2508	gold	2	Surface gravity determinations in particular require better constraints, since these enable age-dating of individual sources.	limitation	0.95	The sentence specifies a need for better constraints on surface gravity determinations, which is a limitation of the current methodology.		
0811.2508	gold	3	In the short term, improvements in spectral models can help in this endeavor; however, a sufficiently sampled grid of benchmark sources may obviate the need for models entirely.	future_work	0.9	The sentence discusses potential improvements in spectral models and suggests a future direction for research.		
0811.2508	gold	4	Benchmarks should increasingly arise from mass standards, for which age constraints are more precise; these additionally provide necessary tests of evolutionary models upon which most of the age-dating techniques hinge.	future_work	0.9	The sentence suggests that benchmarks should arise from mass standards, indicating a future direction for research.		
0811.2508	gold	5	Improved angular resolution and sensitivity with {{formula:c355ace2-97f7-441c-892b-5b9952550f3e}} and the next generation of large ({{formula:ea7f78cb-378b-4c98-acd2-38b0a459a0c8}} m) telescopes will increase resolved binary sample sizes by expanding the volume in which they can be found and monitored.	none	0.85	The sentence describes the expected improvements in sample sizes due to new facilities, which is more of a descriptive statement than a limitation or future work.		
0811.2508	gold	6	These facilities will also aid searches for substellar cluster members in old open field and globular clusters and, perhaps more importantly, mass standards in these clusters to facilitate more stringent tests of evolutionary models (T.	none	0.85	The sentence describes the expected benefits of new facilities, which is a descriptive statement rather than a limitation or future work.		
0811.2508	gold	7	Dupuy, priv. comm.).	none	0.8	This is a citation and does not contribute to the discussion of limitations or future work.		
0811.2508	gold	8	Finally, a larger, more complete sample of brown dwarfs with precise RV measurements will both improve our statistical constraints on the age of the local brown dwarf population (and subpopulations) while additionally aiding in the search for mass standards.	future_work	0.9	The sentence suggests that a larger sample of brown dwarfs with precise RV measurements will improve statistical constraints, indicating future work.		
0811.2508	gold	9	The author thanks T.	none	0.8	This sentence is an acknowledgment and does not pertain to limitations or future work.		
0811.2508	gold	10	West for helpful comments.	none	0.8	This sentence is an acknowledgment and does not pertain to limitations or future work.		
0811.2508	predicted	11	limitations and current (typical) precisions.	none	0.85	The sentence is a fragment and does not provide enough context to be classified as a limitation or future work.		
0811.2508	predicted	12	Table 1 provides a summary of the methods discussed in detail below.	none	0.85	The sentence describes the contents of a table, which is a descriptive statement.		
0811.2508	predicted	13	{{table:67942bf9-1a5d-4406-b397-f7379833015d}} The most straightforward way to age-date an individual brown dwarf is to borrow from its environment, a tactic that is suitable for members of coeval clusters/associations and companions to age-dated stars.	none	0.85	The sentence describes a method for age-dating brown dwarfs, which is a contribution claim rather than a limitation or future work.		
0811.2508	predicted	14	Brown dwarfs are well-sampled down to and below the deuterium fusing mass limit (M {{formula:c8a349ce-636d-43f4-bab2-0cb3319d7cb6}} 0.013 M{{formula:d0fbbffc-95bf-4633-b5e8-9575ac78911e}} ) in the youngest nearby clusters ({{formula:948f7e90-0ecc-489d-8b26-ecbb263678db}} {{formula:8c2f00e5-7217-4422-877c-a1eb14475eda}} 5 Myr), as their luminosities are greater at early ages.	none	0.85	The sentence describes the sampling of brown dwarfs in clusters, which is a descriptive statement.		
0811.2508	predicted	15	Brown dwarfs have also been identified in somewhat older (10–50 Myr)“loose associations” in the vicinity of the Sun ({{formula:9cfa10b6-30cb-4031-897f-5c96275e3bde}} {{formula:9cbdbdfb-ef9b-4aea-befe-84be9eb2f8c5}} 50–100 pc; e.g., {{cite:15f44987c00c2b2c90a1607b6160c901c1aec91a}}).	none	0.85	The sentence describes the identification of brown dwarfs in associations, which is a descriptive statement.		
0811.2508	predicted	16	For older and more distant clusters ({{formula:83b41c4b-48c1-487a-a353-8178d9b31b89}} {{formula:690b614b-3bd5-4319-b3ff-87fa70b66e4b}} 1 kpc), decreasing surface temperatures and compact radii exacerbate the sensitivity issues that plague low-mass stellar studies (see contribution by G.	limitation	0.9	The sentence describes sensitivity issues in older and more distant clusters, indicating a limitation.		
0811.2508	predicted	17	There are as yet no known brown dwarfs in globular clusters, despite detection of the end of the stellar main sequence in systems such as NGC 6397 {{cite:c3aec005bae16b8b016b152ed6e95e913ebbba61}}.	open_problem	0.9	The sentence states that no brown dwarfs are known in globular clusters, indicating an unresolved question.		
0811.2508	predicted	18	For brown dwarfs in young clusters, numerous studies have examined age-related trends in colors (e.g., {{cite:ed91b8da3b41f6438d06892edbbf3ee46a47aada}}), spectral characteristics (e.g., {{cite:6d02497190066bfb3e6db4becc621e12240d8bfe}}), accretion timescales (e.g., {{cite:5824d928b0c3153c36288041e9f25861d4c851ec}}) and circum(sub)stellar disk evolution (e.g., {{cite:06ee4a9220fefb3f0be20346894f41b1319014a5}}).	none	0.85	The sentence describes studies on age-related trends, which is a descriptive statement.		
0811.2508	predicted	19	These have been coarsely quantified, and appear to be most useful at very young ages ({{formula:f6f71487-1f38-401e-93b1-b41140900d04}} 10 Myr).	none	0.85	The sentence describes the quantification of trends, which is a descriptive statement.		
0811.2508	predicted	20	Surface properties and luminosities are highly variable at these ages due to sensitivity to formation conditions (e.g., {{cite:c5cc0a11710490811486e6b9d14804e54b1b53bd}}), ongoing accretion, complex magnetic effects (e.g., {{cite:fc93e941df80ffc048a92610918a627d5cad904c}}) and age spreads within a cluster (see contribution by R.	none	0.85	The sentence describes variability in surface properties and luminosities, which is a descriptive statement.		
0811.2508	predicted	21	Hence, while brown dwarfs in clusters with ages spanning {{formula:d04cab8f-1ad5-4f29-8829-12127be65e27}} 1–650 Myr are now well-documented, with age uncertainties as good as 10% (for the LDB technique; see {{formula:2752efcf-bf12-4728-b9ad-906588d5f8b6}} 3), useful predictive trends are probably limited to ages of {{formula:0e4883ac-4a31-445b-9a11-524283ca5db6}} 10 Myr.	limitation	0.9	The sentence suggests that predictive trends are limited to certain ages, indicating a limitation.		
0811.2508	predicted	22	Known brown dwarf companions to main sequence stars now number a few dozen, spanning a wide range of separation, age and composition.	none	0.85	The sentence describes the characteristics of known brown dwarf companions, which is a descriptive statement.		
0811.2508	predicted	23	Many of these systems are widely-separated so that their brown dwarf companions can be directly studied.	none	0.85	The sentence describes the study of widely-separated systems, which is a descriptive statement.		
0811.2508	predicted	24	Age uncertainties for companion brown dwarfs depend on stellar dating methods which are generally more uncertain (50–100%; e.g., {{cite:2846bd411a46d3033c7ace28d4b8d255ace1785e}}) than cluster ages.	limitation	0.9	The sentence describes the uncertainty in age dating methods for companion brown dwarfs, indicating a limitation.		
0811.2508	predicted	25	Searches for substellar companions to more precisely age-dated white dwarfs (e.g. {{cite:83e6d0a5494a6f0fdbad6697a9c46cf831bf1a6a}}, {{cite:c27d7df5faca8aba6723804766afa5a4e49bba75}}) and subgiants {{cite:b8139efc3091db6b2604210afb1c5ed65573ba4f}} have so far met with limited success.	limitation	0.9	The sentence describes limited success in searches for substellar companions, indicating a limitation.		
0811.2508	predicted	26	Nevertheless, brown dwarf companions to age-dated stars serve as important benchmarks for calibrating other age-dating methods at late ages ({{formula:c75a3202-9e01-42fa-92f1-9c09a435267b}} 500 Myr) and are fundamental for testing evolutionary models (see contribution by T.	none	0.85	The sentence describes the utility of brown dwarf companions as benchmarks, which is a contribution claim.		
0811.2508	predicted	27	Lithium is fused at a lower temperature than hydrogen (2.5{{formula:cf67f965-09e2-493d-b267-4b03c1ec73e8}} 10{{formula:891d6978-1c0c-4d95-921f-01f3ef3a86f9}} K), resulting in a somewhat lower fusing mass limit (0.065 M{{formula:dbed2bf3-07ce-4e0b-a1e9-b6f2b17b6542}} ; {{cite:e56827c6774e756dc66db9a31d4182ddfe03b275}}).	none	0.85	The sentence describes the fusion of lithium, which is a background statement.		
0811.2508	predicted	28	Because the interiors of low mass stars and brown dwarfs are fully convective at early ages, an object with a mass above this limit will fully deplete its initial reservoir of lithium within {{formula:1e5696d9-60b2-4638-a668-65e4af396991}} 200 Myr.	none	0.85	The sentence describes the depletion of lithium in low mass stars, which is a background statement.		
0811.2508	predicted	29	Hence, any system older than this which exhibits Li I absorption has a mass less than 0.065 M{{formula:0be468ff-5122-4aa7-93dc-3031536f4187}} and is therefore a brown dwarf (e.g., {{cite:0c902710e5720aec64c89f9b33a6ff410227a8fb}}).	none	0.85	The sentence describes a method for identifying brown dwarfs, which is a contribution claim.		
0811.2508	predicted	30	With a mass limit, one can use evolutionary models to determine an age limit.	none	0.85	The sentence describes the use of evolutionary models, which is a background statement.		
0811.2508	predicted	31	In the age range {{formula:b02712a0-f638-44bc-a613-fab77a625628}} 10–200 Myr, the degree of lithium depletion in low-mass stars and brown dwarfs is itself mass-dependent, occurring earlier in more massive stars which first achieve the necessary core temperatures.	none	0.85	The sentence describes the mass-dependent depletion of lithium, which is a background statement.		
0811.2508	predicted	32	Hence, over this range the age of an individual source can be precisely constrained if its mass is known.	none	0.85	The sentence describes the precision of age constraints, which is a background statement.		
0811.2508	predicted	33	A more practical approach, however, is to ascertain the age of a group of coeval low-mass objects based on which sources do or do not exhibit Li I absorption; this is the lithium depletion boundary (LDB) technique.	none	0.85	The sentence describes the LDB technique, which is a contribution claim.		
0811.2508	predicted	34	Different evolutionary models yield remarkably similar predictions for the location of the LDB over a broad range of ages {{cite:941cd1870230b9e4d007f12acad1b516f7fd9d17}}, and the boundary itself is readily identifiable in color-magnitude diagrams.	none	0.85	The sentence describes the predictions of evolutionary models, which is a background statement.		
0811.2508	predicted	35	As such, this technique has been used to age-date several nearby young clusters and associations (e.g., {{cite:5f4c473f4a626eb7b813da038e19762f25362cdb}}, {{cite:0aa86035ed3570d1faf6a667580310e96f3752cd}}, {{cite:a539d773f3285dc40c56bb63d2d2755c693ea5b3}}, {{cite:d0ed153c67c33b36fcac16e67b9643f6e70c7998}}).	none	0.85	The sentence describes the use of the LDB technique, which is a contribution claim.		
0811.2508	predicted	36	LDB studies have also provided independent confirmation of other cluster-dating methods such as isochrone fitting {{cite:a539d773f3285dc40c56bb63d2d2755c693ea5b3}}.	none	0.85	The sentence describes the confirmation of other methods, which is a contribution claim.		
0811.2508	predicted	37	A variant of the LDB technique for coeval binary systems has been proposed by {{cite:17984f83a2310cd48d75b477084a8897b2300087}}, in which a system that exhibits Li I absorption in the secondary but not in the primary can have both lower and upper age limits assigned to it (note that the presence/absence of Li I in both components simply sets a single upper/lower age limit).	none	0.85	The sentence describes a variant of the LDB technique, which is a contribution claim.		
0811.2508	predicted	38	This technique requires resolved optical spectroscopy of both components and can be pursued only for a few (rare) wide low-mass pairs (e.g., Burgasser et al., in prep.) or using high spatial-resolution spectroscopy (e.g. {{cite:09db6dfd8019c882d6da74c45a9487139c06e08b}}).	limitation	0.9	The sentence describes the requirements for a technique, indicating a limitation in its applicability.		
0811.2508	predicted	39	No single brown dwarf pair straddling the LDB has yet been identified.	open_problem	0.9	The sentence states that no brown dwarf pair straddling the LDB has been identified, indicating an unresolved question.		
0811.2508	predicted	40	Despite its utility, the detection of LI I absorption in brown dwarf spectra has limitations.	limitation	0.9	The sentence describes limitations in detecting Li I absorption, indicating a limitation.		
0811.2508	predicted	41	The 6708 Å line lies in an relatively faint spectral region for cool L-type dwarfs, so sensitive spectral observations on large telescopes are typically required to detect (or convincingly rule out) this feature.	limitation	0.9	The sentence describes the difficulty in detecting a spectral line, indicating a limitation.		
0811.2508	predicted	42	For optically-brighter M-type brown dwarfs, high-resolution observations are generally required to distinguish Li I absorption from overlapping molecular absorption features.	limitation	0.9	The sentence describes the need for high-resolution observations, indicating a limitation.		
0811.2508	predicted	43	Young brown dwarfs ({{formula:87369e06-cec4-46cc-8511-286c1e16ef36}} 50 Myr) with low surface gravities show weakened alkali line absorption (see {{formula:df33d6ef-3020-4acf-809e-f839464296be}} 5), including Li I, making it again necessary to obtain sensitive, high-resolution observations {{cite:15f44987c00c2b2c90a1607b6160c901c1aec91a}}.	limitation	0.9	The sentence describes the need for sensitive observations due to weakened absorption, indicating a limitation.		
0811.2508	predicted	44	For brown dwarfs cooler than {{formula:e0c2aa9c-6148-4794-8b6d-b3243dc501a3}} 1500 K (i.e., the T dwarfs), lithium is chemically depleted in the photosphere through its conversion to LiCl, LiF or LiOH {{cite:58bb262fbbae7790bd0028d0996a7cd72afdc9fb}}.	limitation	0.9	The sentence describes chemical depletion in cooler brown dwarfs, indicating a limitation.		
0811.2508	predicted	45	As such, practical					
0811.3859	gold	0	We studied the matroid isomorphism problem under various input representations and restriction on the rank of the matroid.	none	0.95	This sentence describes the scope of the study and the problem addressed, but does not identify a limitation or future work.		
0811.3859	gold	1	We proved that graph isomorphism, graphic matroid isomorphism and bounded rank version of matroid isomorphism are all polynomial time equivalent.	none	0.95	This sentence summarizes the results of the study, indicating equivalence between problems, but does not identify a limitation or future work.		
0811.3859	gold	2	In addition, we find it interesting that in the bounded rank case, {{formula:67e88915-6dab-467c-86b3-9ecc39083464}} and {{formula:73a9eab3-bef5-4755-b312-be18f0212e9c}} are equivalent, though there exist matroids of bounded rank which are not representable over any field.	none	0.9	This sentence notes an interesting finding related to bounded rank matroids, but does not identify a limitation or future work.		
0811.3859	gold	3	Some of the open questions that we see are as follows: Our results provide new possibilities to attack the graph isomorphism problem.	open_problem	0.95	This sentence introduces open questions and suggests new possibilities for addressing the graph isomorphism problem, without committing to future work.		
0811.3859	gold	4	For example, it will be interesting to prove a {{formula:bf11a214-943f-4bd0-8256-01184643d69f}} upper bound for {{formula:a565f4cf-3afd-445c-80fc-35aac302745d}} .	open_problem	0.95	This sentence suggests an interesting problem to prove an upper bound, without committing to future work.		
0811.3859	gold	5	Note that this will imply that {{formula:66ee8bbb-603c-40c3-8233-24ff83ac40b0}} .	none	0.9	This sentence describes an implication of proving the upper bound, but does not identify a limitation or future work.		
0811.3859	gold	6	Similarly, are there special cases of {{formula:b1bc22ba-5df9-41e0-af2d-0e0e2806e501}} (other than what is translated from the bounds for {{formula:66119676-2026-470d-ad92-ecc2591db094}} ) which can be solved in polynomial time?	open_problem	0.95	This sentence poses a question about special cases that can be solved in polynomial time, indicating an open problem.		
0811.3859	gold	7	The representations of the matroid in the definition of {{formula:0e5247ae-769f-42ec-88f9-6256404ec067}} is over fields of size at least {{formula:fd9e4674-c05f-4b5d-8f5f-4ad51bcf12f1}} and at most {{formula:5f94f549-04f2-4d28-969a-d2893ccbca5c}} , where {{formula:d54f65eb-9d58-468b-b3ac-c541902d1fc5}} is the size of the ground set of the matroid.	none	0.9	This sentence describes the representation constraints in the definition, but does not identify a limitation or future work.		
0811.3859	gold	8	This is critically needed for the observation of {{formula:ed4610c8-dc2d-439e-a414-b855faf3ac0c}} -hardness.	none	0.9	This sentence explains the necessity of certain constraints for hardness observation, but does not identify a limitation or future work.		
0811.3859	gold	9	One could ask if the problem is easier over fixed finite fields independent on the input.	open_problem	0.95	This sentence poses a question about the problem's difficulty over fixed finite fields, indicating an open problem.		
0811.3859	gold	10	However, we note that, by our results, it follows that this problem over {{formula:d69eaf44-6579-410a-9109-f46d53a58f46}} is already hard for {{formula:cc8ebbbd-ccaf-4230-89d7-398a70b7caa3}} .	none	0.9	This sentence notes a result about the problem's hardness, but does not identify a limitation or future work.		
0811.3859	gold	11	It will still be interesting to give a better (than the trivial {{formula:13fc76b0-a8a2-468c-86b2-d1f810e3e58f}} ) upper bound for linear matroids represented over fixed finite fields (even for {{formula:e44a632e-ecf4-4a9b-891a-951b45448747}} ).	open_problem	0.95	This sentence suggests it would be interesting to find a better upper bound, indicating an open problem.		
0811.3859	gold	12	Can we use the colouring technique of linear matroid isomorphism to reduce the general instances of linear matroid isomorphism to isomorphism testing of “simpler components” of the matroid?	open_problem	0.95	This sentence poses a question about using a technique to simplify instances, indicating an open problem.		
0811.3859	gold	13	Can we make the reduction from {{formula:3a57d6cb-005e-4e6a-8cb9-22de9d9fdbb8}} to {{formula:14b40ab7-67b3-4493-8c98-b150b4fc9983}} many-one?	open_problem	0.95	This sentence poses a question about making a reduction many-one, indicating an open problem.		
0811.3859	gold	14	Can we improve the complexity of this reduction in the general case?	open_problem	0.95	This sentence poses a question about improving the complexity of a reduction, indicating an open problem.		
0811.3859	predicted	15	In {{cite:b1cdb4de9cb33b785b477ece96f955cc6efd6a62}}, Hopcroft and Tarjan proved that every 2-connected graph can be decomposed uniquely into a tree of 3-connected components, bonds or polygons.Cunningham et al. {{cite:9c13e8a20b0732dc38783dc73882b43cc1fbb32f}} shows that any graphic matroid {{formula:df282619-399c-4fdf-b7a4-5242ec2ee194}} is isomorphic to {{formula:8282ae4a-82f0-465b-84d6-0c9314ac6729}} , where {{formula:87ea2e4c-4c21-496c-8f68-97a959382b83}} are 3-connected components, bonds or polygons of {{formula:02a3f5a3-e149-4f57-9aa3-d4dd4d70b42d}} and {{formula:8265e63b-977e-4e79-88a9-661ad366d93a}} are the virtual edges.	none	0.9	This sentence describes prior work and findings related to graph decomposition, but does not identify a limitation or future work.		
0811.3859	predicted	16	However, it is unclear if this can be turned into a reduction from {{formula:fdefc712-8100-417d-80f5-6dddcfff8f75}} to {{formula:92eeab3d-e73e-49dd-8e24-13a4e2ec3095}} using edge/vertex colouring.	open_problem	0.95	This sentence notes the uncertainty of turning a decomposition into a reduction, indicating an open problem.		
0811.3859	predicted	17	Moreover, {{cite:b1cdb4de9cb33b785b477ece96f955cc6efd6a62}} showed that this decomposition can be computed in polynomial time.	none	0.9	This sentence describes a result from prior work about polynomial time computation, but does not identify a limitation or future work.		
0811.3859	predicted	18	The idea is to then find the isomorphism classes of these 3-connected components using queries to {{formula:79e0b7fc-b4b8-4d69-9ff0-ea05a1213802}} (see theorem REF ), and then colour the tree nodes with the corresponding isomorphism class, and then compute a coloured tree isomorphism between the two trees produced from the two graphs.	none	0.9	This sentence describes a method for finding isomorphism classes, but does not identify a limitation or future work.		
